"","Address","Property Type","District","Asking","Size","Tenancy Status","Date Listed","Facility","Train","Buses","Schools","Shopping.Mall","Markets","PSF","Property Name","Tenure","Model","No. of Units","Tenanted Amount","Built Year","Developer","Floor Level","Condition","Owner Type","Restroom","TOP"
"1","2 gambas Crescent, Singapore 757044","Retail","Sembawang / Yishun","
								$5,680,000 (Negotiable)
								","
							5,329 sqft (Built-up)
								","Tenanted","1631905136","0","3","6","6","3","3","
							$1,066 psf (Built-up)
								","F&B, Canteen, Nordcom II, Sale with Tenancy","LEASEHOLD/30 years","Restaurant",NA,"$15,000",NA,NA,"GROUND",NA,NA,NA,NA
"2","463 macpherson","Office","Macpherson / Potong Pasir","
								$21,000,000 (Guide Price)
								","
							38,287 sqft (Built-up)
								","Not tenanted","1632028865","0","3","9","8","1","3","
							$548 psf (Built-up)
								","463 macpherson",NA,"Office",NA,NA,NA,NA,"GROUND",NA,NA,NA,NA
"3","Alexandra Road","Office","Alexandra / Commonwealth","
								$7,800,000 (Negotiable)
								","
							5,457 sqft (Built-up)
								","Not tenanted","1632013329","0","3","15","6","3","3","
							$1,429 psf (Built-up)
								","Delta House",NA,NA,NA,NA,NA,NA,NA,NA,NA,NA,NA
"4","Almond Crescent","Land","Dairy Farm / Bukit Panjang / Choa Chu Kang","
								$4,750,000 (Negotiable)
								","
							7,800 sqft (Built-up)
								","Not tenanted","1627436454","4","3","9","6","3","3","
							$609 psf (Built-up)
								",NA,"LEASEHOLD/99 years","Land Only",NA,NA,NA,NA,NA,NA,NA,NA,NA
"5","Ang Mo Kio Avenue 1","Shop House","Ang Mo Kio / Bishan / Thomson","
								$1,950,000 (Negotiable)
								","
							1,518 sqft (Built-up)
								","Tenanted","1631970413","4","3","6","8","3","3","
							$1,285 psf (Built-up)
								","Ang Mo Kio Avenue 1","LEASEHOLD/99 years",NA,NA,"$4,300",NA,NA,"GROUND","Bare","Private","2",NA
"6","Ang Mo Kio Avenue 10","HDB Shop House","Ang Mo Kio / Bishan / Thomson","
								$6,000,000 (Guide Price)
								","
							1,600 sqft (Built-up)
								","Tenanted","1630501990","0","3","8","6","3","3","
							$3,750 psf (Built-up)
								",NA,"LEASEHOLD/99 years","Hdb Shophouse",NA,"$0",NA,NA,NA,NA,NA,NA,NA
"7","Ang Mo Kio Avenue 3","HDB Shop House","Ang Mo Kio / Bishan / Thomson","
								$2,200,000 (Negotiable)
								","
							1,432 sqft (Built-up)
								","Tenanted","1632038740","2","3","43","8","3","3","
							$1,536 psf (Built-up)
								","Ang Mo Kio Avenue 3","LEASEHOLD/99 years","Hdb Shophouse",NA,"$7,500","1978",NA,"GROUND","Bare","Private",NA,NA
"8","Ang Mo Kio Avenue 5","Shop House","Ang Mo Kio / Bishan / Thomson","
								$2,198,888 (View to Offer)
								","
							1,600 sqft (Built-up)
								","Not tenanted","1631869056","0","3","8","7","3","3","
							$1,374 psf (Built-up)
								","Ang Mo Kio Avenue 5","LEASEHOLD/99 years",NA,NA,NA,NA,"HDB",NA,NA,NA,NA,NA
"9","Ang Mo Kio Street 62","Factory","Ang Mo Kio / Bishan / Thomson","
								$1,550,000 (Starting From)
								","
							2,153 sqft (Built-up)
								","Not tenanted","1632016183","2","3","5","7","3","3","
							$720 psf (Built-up)
								","Link@amk","LEASEHOLD/60 years","Industrial",NA,NA,NA,NA,NA,"Bare",NA,NA,NA
"10","Ang Mo Kio Street 62","Factory","Ang Mo Kio / Bishan / Thomson","
								$949,999 (Negotiable)
								","
							2,152 sqft (Built-up)
								","Not tenanted","1632019064","4","3","5","7","3","3","
							$441 psf (Built-up)
								","Link@amk","LEASEHOLD/60 years","Industrial",NA,NA,NA,NA,NA,"Partially Fitted",NA,NA,NA
"11","Ang Mo Kio Street 62","Warehouse","Ang Mo Kio / Bishan / Thomson","
								$1,700,000","
							2,153 sqft (Built-up)
								","Not tenanted","1631153764","2","3","5","7","3","3","
							$790 psf (Built-up)
								","Link@amk","60 Years from 28/06/2011",NA,NA,NA,NA,NA,NA,NA,NA,NA,NA
"12","Ang Mo Kio Street 62","Warehouse","Ang Mo Kio / Bishan / Thomson","
								$8,000,000","
							15,824 sqft (Built-up)
								","Not tenanted","1631153700","0","3","5","7","3","3","
							$506 psf (Built-up)
								","Link@amk","60 Years from 28/06/2011",NA,NA,NA,NA,NA,NA,NA,NA,NA,NA
"13","Armenian Street","Shop House","City Hall / Clarke Quay","
								$4,800,000","
							1,669 sqft (Built-up)
								","Tenanted","1631796257","4","3","20","6","3","3","
							$2,876 psf (Built-up)
								","Armenian Street","LEASEHOLD/99 years",NA,NA,NA,NA,NA,"GROUND","Partially Fitted","Private","2",NA
"14","Bedok North Avenue 1","HDB Shop House","Bedok / Upper East Coast","
								$1,500,000 (Offer in Excess)
								","
							1,638 sqft (Built-up)
								","Tenanted","1630977987","7","3","3","7","2","3","
							$916 psf (Built-up)
								","Bedok North Avenue 1","LEASEHOLD/99 years","Hdb Shophouse",NA,NA,NA,NA,"GROUND","Fully Fitted","Private","1",NA
"15","Bedok North Street 1","HDB Shop House","Bedok / Upper East Coast","
								$2,500,000 (Negotiable)
								","
							1,550 sqft (Built-up)
								","Not tenanted","1629592590","3","3","26","7","3","3","
							$1,613 psf (Built-up)
								","Bedok North Street 1","LEASEHOLD/99 years",NA,NA,NA,NA,NA,"GROUND","Partially Fitted","Government","2",NA
"16","Bedok North Street 1","Shop House","Bedok / Upper East Coast","
								$2,850,000 (Negotiable)
								","
							1,550 sqft (Built-up)
								","Tenanted","1631845227","1","3","26","7","3","3","
							$1,839 psf (Built-up)
								","218 Bedok North Street 1","LEASEHOLD/99 years","Shop",NA,NA,"1979",NA,NA,NA,NA,NA,NA
"17","Bedok North Street 1","Shop House","Bedok / Upper East Coast","
								$6,000,000 (Negotiable)
								","
							1,601 sqft (Built-up)
								","Not tenanted","1631943990","3","3","44","7","3","3","
							$3,748 psf (Built-up)
								","Bedok North Street 1","LEASEHOLD/99 years",NA,NA,NA,"1979","HDB","GROUND","Partially Fitted","Private",NA,NA
"18","Bedok North Street 3","HDB Shop House","Bedok / Upper East Coast","
								$1,180,000 (Negotiable)
								","
							721 sqft (Built-up)
								","Tenanted","1630924960","6","3","3","7","2","3","
							$1,637 psf (Built-up)
								","Bedok North Street 3","LEASEHOLD/99 years","Retail",NA,"$0",NA,NA,"GROUND","Fully Fitted","Private","2",NA
"19","Bedok North Street 3","Shop House","Bedok / Upper East Coast","
								$1,850,000 (Negotiable)
								","
							1,808 sqft (Built-up)
								","Not tenanted","1631863427","2","3","3","7","2","3","
							$1,023 psf (Built-up)
								","Bedok North Street 3","LEASEHOLD/99 years","Shophouse",NA,NA,NA,NA,NA,"Fully Fitted",NA,NA,NA
"20","Bedok North Street 3","Shop House","Bedok / Upper East Coast","
								$1,850,000 (Negotiable)
								","
							1,808 sqft (Built-up)
								","Not tenanted","1632012798","2","3","3","7","2","3","
							$1,023 psf (Built-up)
								","Bedok North Street 3","LEASEHOLD/99 years","Shophouse",NA,NA,NA,NA,NA,NA,NA,NA,NA
"21","Bedok Place","Land","Bedok / Upper East Coast","
								$3,653,000 (View to Offer)
								","
							3,261 sqft (Land) / 
								","Not tenanted","1631619463","4","3","8","6","3","3","
							$1,120 psf (Land) /
								","Bedok Grove","FREEHOLD","Land With Building / En-bloc",NA,NA,NA,"Ho Lee Investment Pte. Ltd. & Sound Life Centre Pte. Ltd.",NA,NA,NA,NA,NA
"22","Bencoolen Street","Retail","Beach Road / Bugis / Rochor","
								$900,000","
							226 sqft (Built-up)
								","Not tenanted","1632022795","0","3","10","5","3","3","
							$3,982 psf (Built-up)
								","Sunshine Plaza","LEASEHOLD/99 years","Shop",NA,NA,"2001","City Developments Ltd",NA,NA,NA,NA,NA
"23","Boon Lay Place","Retail","Boon Lay / Jurong / Tuas","
								$950,000 (Negotiable)
								","
							290 sqft (Built-up)
								","Not tenanted","1631937238","0","3","11","7","3","3","
							$3,276 psf (Built-up)
								","Boon Lay Place",NA,"Shop",NA,NA,NA,NA,NA,NA,NA,NA,NA
"24","Boon Lay Way","Factory","Boon Lay / Jurong / Tuas","
								$870,000 (Negotiable)
								","
							1,808 sqft (Built-up)
								","Not tenanted","1632016183","4","3","9","6","3","3","
							$481 psf (Built-up)
								","Tradehub 21","LEASEHOLD/60 years","Industrial",NA,NA,NA,NA,NA,"Fully Fitted","Private",NA,NA
"25","Boon Lay Way","Factory","Boon Lay / Jurong / Tuas","
								$931,120 (Negotiable)
								","
							1,808 sqft (Built-up)
								","Not tenanted","1632016183","4","3","8","6","3","3","
							$515 psf (Built-up)
								","8 @ Tradehub 21","60 Years from 10/12/2003","Industrial",NA,NA,NA,NA,NA,"Bare",NA,NA,NA
"26","Boon Lay Way","Factory","Boon Lay / Jurong / Tuas","
								$945,000 (Negotiable)
								","
							2,001 sqft (Built-up)
								","Not tenanted","1632016183","4","3","8","6","3","3","
							$472 psf (Built-up)
								","8 @ Tradehub 21","60 Years from 10/12/2003","Industrial",NA,NA,NA,NA,NA,"Fully Fitted",NA,NA,NA
"27","Braddell Road","Land","Macpherson / Potong Pasir","
								$10,800,000 (Negotiable)
								","
							8,000 sqft (Built-up)
								","Not tenanted","1631452684","3","3","18","8","3","3","
							$1,350 psf (Built-up)
								",NA,"LEASEHOLD/99 years","Land With Building / En-bloc",NA,NA,NA,NA,"GROUND","Partially Fitted","Private",NA,NA
"28","Bright Hill Crescent","Land","Ang Mo Kio / Bishan / Thomson","
								$4,000,000 (View to Offer)
								","
							2,273 sqft (Land) / 
								","Not tenanted","1631537151","0","3","22","9","3","3","
							$1,759 psf (Land) /
								","Bright Hill Crescent",NA,"Land With Building / En-bloc",NA,NA,NA,NA,NA,NA,NA,NA,NA
"29","Bukit Batok Crescent","Factory","Dairy Farm / Bukit Panjang / Choa Chu Kang","
								$810,000","
							1,539 sqft (Built-up)
								","Not tenanted","1632047386","5","3","9","6","3","3","
							$526 psf (Built-up)
								","The Spire","60 Years from 13/03/1997","Industrial",NA,NA,NA,NA,NA,NA,NA,NA,NA
"30","Bukit Batok Crescent","Retail","Dairy Farm / Bukit Panjang / Choa Chu Kang","
								$2,900,000 (Negotiable)
								","
							4,693 sqft (Built-up)
								","Tenanted","1632015952","3","3","6","5","3","3","
							$618 psf (Built-up)
								","Wcega Tower","LEASEHOLD/60 years","Restaurant",NA,"$14,000","1997",NA,NA,"Fully Fitted","Private",NA,NA
"31","Bukit Batok Street 11","HDB Shop House","Dairy Farm / Bukit Panjang / Choa Chu Kang","
								$2,800,000 (Negotiable)
								","
							1,200 sqft (Built-up)
								","Tenanted","1632038740","3","3","3","6","3","3","
							$2,333 psf (Built-up)
								","Bukit Batok Street 11","LEASEHOLD/99 years","Hdb Shophouse",NA,"$8,000","1985",NA,"GROUND","Partially Fitted","Private","1",NA
"32","Bukit Batok Street 21","HDB Shop House","Dairy Farm / Bukit Panjang / Choa Chu Kang","
								$1,880,000 (Negotiable)
								","
							1,905 sqft (Built-up)
								","Not tenanted","1627573360","3","3","13","6","3","3","
							$987 psf (Built-up)
								","Bukit Batok Street 21","LEASEHOLD/99 years",NA,NA,NA,NA,NA,"GROUND","Fully Fitted",NA,NA,NA
"33","Buroh Street","Factory","Boon Lay / Jurong / Tuas","
								$443,500","
							1,733 sqft (Built-up)
								","Not tenanted","1632024901","5","3","3","0","0","0","
							$256 psf (Built-up)
								","West Connect Building","LEASEHOLD/60 years",NA,NA,NA,NA,NA,NA,NA,NA,"1",NA
"34","Bussorah Street","Shop House","Beach Road / Bugis / Rochor","
								$8,500,000","
							1,250 sqft (Built-up)
								","Not tenanted","1631927472","0","3","16","5","3","3","
							$6,800 psf (Built-up)
								","Bussorah Street",NA,NA,NA,NA,NA,NA,NA,NA,NA,NA,NA
"35","Cashew Road","Land","Dairy Farm / Bukit Panjang / Choa Chu Kang","
								$5,379,000","
							6,254 sqft (Land) / 
								","Not tenanted","1630446912","1","3","5","6","3","3","
							$860 psf (Land) /
								","Cashew Road",NA,"Land With Building / En-bloc",NA,NA,NA,NA,NA,NA,NA,NA,NA
"36","Chai Chee Avenue","Shop House","Bedok / Upper East Coast","
								$1,700,000 (Negotiable)
								","
							1,335 sqft (Built-up)
								","Tenanted","1631970606","5","3","18","7","3","3","
							$1,273 psf (Built-up)
								","Chai Chee Avenue","LEASEHOLD/99 years","Shophouse",NA,"$0",NA,NA,NA,"Partially Fitted","Private",NA,NA
"37","Changi Road","Land","Eunos / Geylang / Paya Lebar","
								$3,500,000 (Negotiable)
								","
							1,370 sqft (Built-up)
								","Not tenanted","1631764226","5","3","22","6","3","3","
							$2,555 psf (Built-up)
								",NA,"FREEHOLD","Land With Building / En-bloc",NA,NA,NA,NA,NA,"Bare","Private",NA,NA
"38","Changi Road","Office","Eunos / Geylang / Paya Lebar","
								$1,038,000 (View To Offer)
								","
							484 sqft (Built-up)
								","Not tenanted","1631954424","2","3","42","6","3","3","
							$2,145 psf (Built-up)
								","Hexacube","FREEHOLD","Office",NA,NA,NA,"Wealth Development Pte Ltd",NA,"Bare",NA,NA,NA
"39","Changi Road","Office","Eunos / Geylang / Paya Lebar","
								$1,280,000 (Negotiable)
								","
							511 sqft (Built-up)
								","Not tenanted","1632031340","2","3","42","6","3","3","
							$2,505 psf (Built-up)
								","Hexacube","Freehold",NA,NA,NA,NA,"Wealth Development Pte Ltd",NA,NA,NA,NA,NA
"40","Changi Road","Office","Eunos / Geylang / Paya Lebar","
								$2,999,999 (Negotiable)
								","
							2,050 sqft (Built-up)
								","Not tenanted","1631976470","6","3","22","6","3","3","
							$1,463 psf (Built-up)
								","Centropod @ Changi","FREEHOLD","Office","192",NA,NA,"RP East Pte Ltd",NA,NA,NA,NA,NA
"41","Changi Road","Retail","Eunos / Geylang / Paya Lebar","
								$410,000 (Negotiable)
								","
							140 sqft (Built-up)
								","Not tenanted","1632006093","10","3","22","6","3","3","
							$2,929 psf (Built-up)
								","Centropod @ Changi","Freehold","Shop","192",NA,NA,"RP East Pte Ltd",NA,"Bare",NA,NA,NA
"42","Chiselhurst Grove","Land","Hougang / Punggol / Sengkang","
								$4,500,000","
							3,500 sqft (Land) / 
								","Not tenanted","1631237687","1","3","2","7","3","3","
							$1,285 psf (Land) /
								","Serangoon Garden Estate",NA,"Land With Building / En-bloc",NA,NA,NA,NA,NA,NA,NA,NA,NA
"43","Chiselhurst Grove","Land","Hougang / Punggol / Sengkang","
								$4,980,000","
							5,092 sqft (Land) / 
								","Not tenanted","1630292984","4","3","0","7","3","3","
							$978 psf (Land) /
								","Serangoon Garden Estate",NA,"Land With Building / En-bloc",NA,NA,NA,NA,NA,NA,NA,NA,NA
"44","Clemenceau Avenue","Retail","Orchard / River Valley","
								$320,000 (Negotiable)
								","
							160 sqft (Built-up)
								","Not tenanted","1631954424","1","3","70","6","3","3","
							$2,000 psf (Built-up)
								","Singapore Shopping Centre","LEASEHOLD/99 years",NA,NA,NA,NA,NA,NA,"Bare",NA,NA,NA
"45","Clementi Avenue 2","HDB Shop House","Buona Vista / West Coast / Clementi New Town","
								$1,680,000","
							1,614 sqft (Built-up)
								","Not tenanted","1631855178","0","2","25","8","2","3","
							$1,041 psf (Built-up)
								","Clementi Avenue 2 Shopping Centre","LEASEHOLD/99 years",NA,NA,NA,NA,"HDB",NA,"Partially Fitted","Private",NA,NA
"46","Clementi Avenue 2","HDB Shop House","Buona Vista / West Coast / Clementi New Town","
								$1,700,000 (View to Offer)
								","
							1,614 sqft (Built-up)
								","Tenanted","1631855178","0","2","25","8","2","3","
							$1,053 psf (Built-up)
								","Clementi Avenue 2 Shopping Centre","LEASEHOLD/99 years",NA,NA,"$0","1979",NA,NA,NA,NA,NA,NA
"47","Club Street","Office","Boat Quay / Raffles Place / Marina","
								$3,500,000","
							840 sqft (Built-up)
								","Tenanted","1631879782","0","3","15","4","3","3","
							$4,167 psf (Built-up)
								","Emerald Garden","999 years",NA,NA,NA,NA,"Oxford Gardens Pte Ltd",NA,NA,NA,NA,NA
"48","Coleman Street","Office","City Hall / Clarke Quay","
								$6,250,000","
							2,030 sqft (Built-up)
								","Not tenanted","1632021033","4","3","52","6","3","3","
							$3,079 psf (Built-up)
								","The Adelphi","999 Years from 12/05/1828",NA,NA,NA,NA,NA,NA,NA,NA,NA,NA
"49","Coleman Street","Office","City Hall / Clarke Quay","
								$6,605,000","
							2,580 sqft (Built-up)
								","Not tenanted","1632021033","7","3","52","6","3","3","
							$2,560 psf (Built-up)
								","The Adelphi","999 Years from 12/05/1828",NA,NA,NA,NA,NA,NA,NA,NA,NA,NA
"50","Crawford Lane","Shop House","Beach Road / Bugis / Rochor","
								$1,550,000 (View To Offer)
								","
							645 sqft (Built-up)
								","Not tenanted","1631977981","3","3","34","6","3","3","
							$2,403 psf (Built-up)
								","Crawford Lane","LEASEHOLD/99 years","Shophouse",NA,NA,NA,NA,NA,"Fully Fitted",NA,NA,NA
"51","Crawford Lane","Shop House","Beach Road / Bugis / Rochor","
								$888,000 (Negotiable)
								","
							688 sqft (Built-up)
								","Not tenanted","1632045956","2","3","34","6","3","3","
							$1,291 psf (Built-up)
								","Crawford Lane","LEASEHOLD/99 years","Shophouse",NA,NA,NA,NA,NA,NA,NA,NA,NA
"52","Desker Road","Shop House","Farrer Park / Serangoon Rd","
								$6,500,000 (View to Offer)
								","
							1,200 sqft (Built-up)
								","Not tenanted","1631843367","3","3","15","7","3","3","
							$5,417 psf (Built-up)
								","Desker Road Conservation Area","999 years",NA,NA,NA,NA,NA,"GROUND","Partially Fitted","Private","1",NA
"53","Dunlop Street","Shop House","Farrer Park / Serangoon Rd","
								$3,800,000","
							1,620 sqft (Built-up)
								","Not tenanted","1632011380","1","3","25","6","3","3","
							$2,346 psf (Built-up)
								","Dunlop Street",NA,NA,NA,NA,NA,NA,NA,NA,NA,NA,NA
"54","Dunlop Street","Shop House","Farrer Park / Serangoon Rd","
								$4,000,000","
							812 sqft (Built-up)
								","Not tenanted","1632026896","3","3","25","6","3","3","
							$4,926 psf (Built-up)
								","Little India Conservation Area",NA,NA,NA,NA,NA,NA,NA,NA,NA,NA,NA
"55","Eu Tong Sen Street","Office","Boat Quay / Raffles Place / Marina","
								$1,600,000 (MID)
								","
							635 sqft (Built-up)
								","Tenanted","1632015581","12","3","54","6","3","3","
							$2,520 psf (Built-up)
								","The Central","LEASEHOLD/99 years",NA,NA,"$4,100",NA,NA,"MID","Partially Fitted","Private","1",NA
"56","Faber Drive","Land","Buona Vista / West Coast / Clementi New Town","
								$6,200,000 (Negotiable)
								","
							2,600 sqft (Land) / 
								","Not tenanted","1631896741","0","3","10","6","3","3","
							$2,384 psf (Land) /
								","Faber Drive",NA,"Land Only",NA,NA,NA,NA,NA,NA,NA,NA,NA
"57","Gambas Crescent","Warehouse","Sembawang / Yishun","
								$5,689,700 (View to Offer)
								","
							5,329 sqft (Built-up)
								","Not tenanted","1631868755","0","3","6","6","3","3","
							$1,068 psf (Built-up)
								","Nordcom Two",NA,"Food And Beverage",NA,NA,NA,NA,NA,NA,NA,NA,NA
"58","Genting Lane","Factory","Macpherson / Potong Pasir","
								$2,165,000 (Negotiable)
								","
							3,175 sqft (Built-up)
								","Not tenanted","1632021033","7","3","2","7","1","3","
							$682 psf (Built-up)
								","Ruby Industrial Complex","FREEHOLD","Factory (all Types)",NA,NA,NA,NA,NA,"Partially Fitted",NA,NA,NA
"59","Geylang Bahru","Land","Balestier / Toa Payoh","
								$18,000,000 (Negotiable)
								","
							13,132 sqft (Built-up)
								","Not tenanted","1631698005","10","3","16","6","3","3","
							$1,371 psf (Built-up)
								",NA,"LEASEHOLD/99 years","Land Only",NA,NA,NA,NA,NA,"Partially Fitted","Private",NA,NA
"60","Geylang Bahru","Shop House","Balestier / Toa Payoh","
								$1,600,000","
							1,377 sqft (Built-up)
								","Not tenanted","1631994901","4","3","21","6","2","3","
							$1,162 psf (Built-up)
								","Geylang Bahru","LEASEHOLD/99 years",NA,NA,NA,NA,"HDB",NA,NA,NA,NA,NA
"61","Geylang Road","Office","Eunos / Geylang / Paya Lebar","
								$1,220,000 (Negotiable)
								","
							1,054 sqft (Built-up)
								","Tenanted","1631969163","6","3","25","7","3","3","
							$1,157 psf (Built-up)
								","The Arizon","FREEHOLD","Office",NA,"$0","2010",NA,"LOW","Partially Fitted","Private","1",NA
"62","Geylang Road","Office","Eunos / Geylang / Paya Lebar","
								$1,441,000 (Negotiable)
								","
							1,400 sqft (Built-up)
								","Not tenanted","1631969163","3","3","16","7","3","3","
							$1,029 psf (Built-up)
								","The Sunflower","FREEHOLD","Office",NA,NA,NA,NA,NA,"Fully Fitted",NA,NA,NA
"63","Geylang Road","Retail","Eunos / Geylang / Paya Lebar","
								$1,250,000 (Negotiable)
								","
							183 sqft (Built-up)
								","Not tenanted","1632026621","0","3","12","7","3","3","
							$6,831 psf (Built-up)
								","Pavilion Square","FREEHOLD","Shop",NA,NA,"2015","Pollux Treasures Pte. Ltd",NA,NA,NA,NA,NA
"64","Guillemard Road","Shop House","Eunos / Geylang / Paya Lebar","
								$350,000 (Starting From)
								","
							65 sqft (Built-up)
								","Not tenanted","1632022702","4","3","15","7","3","3","
							$5,385 psf (Built-up)
								",NA,"FREEHOLD","Shophouse",NA,NA,NA,NA,NA,"Bare",NA,NA,NA
"65","High Street","Office","City Hall / Clarke Quay","
								$1,409,000","
							613 sqft (Built-up)
								","Not tenanted","1632021033","10","3","15","6","3","3","
							$2,299 psf (Built-up)
								","High Street Plaza","999 Years from 11/06/1827",NA,NA,NA,NA,NA,NA,NA,NA,NA,NA
"66","High Street","Office","City Hall / Clarke Quay","
								$893,000","
							377 sqft (Built-up)
								","Not tenanted","1632021033","5","3","15","6","3","3","
							$2,369 psf (Built-up)
								","High Street Plaza","999 Years from 11/06/1827",NA,NA,NA,NA,NA,NA,NA,NA,NA,NA
"67","Hougang Avenue 7","Land","Hougang / Punggol / Sengkang","
								$2,200,000","
							2,110 sqft (Land) / 
								","Not tenanted","1630446854","7","3","3","6","3","3","
							$1,042 psf (Land) /
								","Riverfront Residences","LEASEHOLD/99 years","Land With Building / En-bloc",NA,NA,NA,"Rio Casa Venture Pte Ltd - Joint venture between Oxley Holdings Limited, KSH Holdings Limited, SLB Development Ltd and Apricot Capital",NA,NA,NA,NA,NA
"68","Hougang Avenue 7","Land","Hougang / Punggol / Sengkang","
								$2,396,000","
							2,110 sqft (Land) / 
								","Not tenanted","1630446862","8","3","3","6","3","3","
							$1,135 psf (Land) /
								","Riverfront Residences","LEASEHOLD/99 years","Land With Building / En-bloc",NA,NA,NA,"Rio Casa Venture Pte Ltd - Joint venture between Oxley Holdings Limited, KSH Holdings Limited, SLB Development Ltd and Apricot Capital",NA,NA,NA,NA,NA
"69","Jalan Anak Bukit","Retail","Clementi Park / Upper Bukit Timah","
								$2,650,000","
							2,024 sqft (Built-up)
								","Not tenanted","1631998843","3","2","38","4","3","3","
							$1,309 psf (Built-up)
								","Sherwood Towers","LEASEHOLD/99 years","Shop",NA,NA,NA,"Ocean & Capital Properties Pte Ltd",NA,"Fully Fitted",NA,NA,NA
"70","Jalan Arnap","Land","Tanglin / Holland / Bukit Timah","
								$12,530,000","
							8,234 sqft (Land) / 
								","Not tenanted","1620522288","3","3","3","6","3","3","
							$1,521 psf (Land) /
								","Kim Lin Park",NA,"Land With Building / En-bloc",NA,NA,NA,NA,NA,NA,NA,NA,NA
"71","Jalan Besar","Office","Farrer Park / Serangoon Rd","
								$1,350,000","
							592 sqft (Built-up)
								","Not tenanted","1632010581","0","3","15","6","3","3","
							$2,280 psf (Built-up)
								","Sim Lim Tower","Freehold",NA,NA,NA,NA,NA,NA,NA,NA,NA,NA
"72","Jalan Besar","Retail","Farrer Park / Serangoon Rd","
								$1,760,000","
							800 sqft (Built-up)
								","Not tenanted","1632021033","4","3","15","6","3","3","
							$2,200 psf (Built-up)
								","Sim Lim Tower","Freehold","Shop",NA,NA,NA,NA,NA,NA,NA,NA,NA
"73","Jalan Besar","Shop House","Farrer Park / Serangoon Rd","
								$12,800,000 (Negotiable)
								","
							2,475 sqft (Built-up)
								","Not tenanted","1624437663","10","3","30","7","3","3","
							$5,172 psf (Built-up)
								","Jalan Besar","FREEHOLD","Retail",NA,NA,NA,NA,"GROUND","Partially Fitted","Private","3",NA
"74","Jalan Besar","Shop House","Farrer Park / Serangoon Rd","
								$5,200,000 (View to Offer)
								","
							1,400 sqft (Built-up)
								","Not tenanted","1631843367","8","3","24","5","3","3","
							$3,714 psf (Built-up)
								",NA,"LEASEHOLD/99 years","Shophouse",NA,NA,NA,NA,NA,"Fully Fitted","Private",NA,NA
"75","Jalan Besut","Warehouse","Boon Lay / Jurong / Tuas","
								$16,500,000 (Negotiable)
								","
							162,000 sqft (Built-up)
								","Not tenanted","1631613115","11","2","0","1","1","3","
							$102 psf (Built-up)
								","Jalan Besut",NA,NA,NA,NA,NA,NA,NA,NA,NA,NA,NA
"76","Jalan Besut","Warehouse","Boon Lay / Jurong / Tuas","
								$16,700,000 (Negotiable)
								","
							161,992 sqft (Built-up)
								","Not tenanted","1631680320","3","2","0","1","1","3","
							$103 psf (Built-up)
								","Jalan Besut",NA,NA,NA,NA,NA,NA,NA,NA,NA,NA,NA
"77","Jalan Besut","Warehouse","Boon Lay / Jurong / Tuas","
								$16,700,000 (Negotiable)
								","
							162,110 sqft (Built-up)
								","Not tenanted","1631101534","3","3","0","1","1","3","
							$103 psf (Built-up)
								","Jalan Besut","LEASEHOLD/30 years",NA,NA,NA,NA,NA,NA,"Partially Fitted",NA,NA,NA
"78","Jalan Bukit Merah","HDB Shop House","Alexandra / Commonwealth","
								$5,000,000","
							1,765 sqft (Built-up)
								","Tenanted","1622281366","0","3","24","6","3","3","
							$2,833 psf (Built-up)
								","Tiong Bahru Orchid","LEASEHOLD/99 years",NA,NA,"$18,000",NA,NA,"GROUND","Fully Fitted","Private","1",NA
"79","Jalan Dusun","Retail","Balestier / Toa Payoh","
								$588,888 (Negotiable)
								","
							171 sqft (Built-up)
								","Tenanted","1631925791","3","3","19","8","3","3","
							$3,444 psf (Built-up)
								","One Dusun Residences","FREEHOLD",NA,NA,"$0","2017",NA,NA,"Partially Fitted","Private",NA,NA
"80","Jalan Gelenggang","Land","Ang Mo Kio / Bishan / Thomson","
								$4,100,000","
							3,261 sqft (Built-up)
								","Not tenanted","1631502537","1","3","5","7","3","3","
							$1,257 psf (Built-up)
								","Sembawang Hills Estate","FREEHOLD","Land With Building / En-bloc",NA,NA,NA,"Bukit Sembawang Estates Limited",NA,NA,NA,NA,NA
"81","Jalan Greja","Land","Bedok / Upper East Coast","
								$5,650,000","
							5,700 sqft (Land) / 
								","Not tenanted","1630446911","1","3","12","6","3","3","
							$991 psf (Land) /
								","Jalan Greja",NA,"Land With Building / En-bloc",NA,NA,NA,NA,NA,NA,NA,NA,NA
"82","Jalan Harom Setangkai","Land","Tanglin / Holland / Bukit Timah","
								$19,000,000","
							9,000 sqft (Land) / 
								","Not tenanted","1631966230","0","3","19","9","1","3","
							$2,111 psf (Land) /
								","Chip Hock Gardens",NA,"Land Only",NA,NA,NA,NA,NA,NA,NA,NA,NA
"83","Jalan Ismail","Land","Eunos / Geylang / Paya Lebar","
								$7,988,000 (Negotiable)
								","
							6,430 sqft (Land) / 
								","Not tenanted","1632043027","0","3","43","6","3","3","
							$1,242 psf (Land) /
								","Jalan Ismail",NA,"Land Only",NA,NA,NA,NA,NA,NA,NA,NA,NA
"84","Jalan Kelichap","Land","Hougang / Punggol / Sengkang","
								$2,630,000","
							3,500 sqft (Land) / 
								","Not tenanted","1630447678","1","3","29","8","3","3","
							$751 psf (Land) /
								","Tai Keng Villas","LEASEHOLD/99 years","Land With Building / En-bloc",NA,NA,NA,"Yhs Tai Keng Place Pte Ltd (Far East Organization)",NA,NA,NA,NA,NA
"85","Jalan Lim Tai See","Land","Tanglin / Holland / Bukit Timah","
								$8,825,000","
							3,530 sqft (Land) / 
								","Not tenanted","1624576614","3","3","6","9","3","3","
							$2,499 psf (Land) /
								","Jalan Lim Tai See",NA,"Land With Building / En-bloc",NA,NA,NA,NA,NA,NA,NA,NA,NA
"86","Joo Chiat Road","HDB Shop House","East Coast / Marine Parade","
								$3,000,000 (Guide Price)
								","
							2,500 sqft (Built-up)
								","Tenanted","1630501990","0","3","3","6","3","3","
							$1,200 psf (Built-up)
								","Joo Chiat Road","LEASEHOLD/99 years","Eating House",NA,"$0",NA,NA,"GROUND",NA,"Government","1",NA
"87","Jurong East Street 31","HDB Shop House","Boon Lay / Jurong / Tuas","
								$2,950,000 (Negotiable)
								","
							1,894 sqft (Built-up)
								","Not tenanted","1631333347","2","3","17","6","3","3","
							$1,558 psf (Built-up)
								","Jurong East Street 31","LEASEHOLD/99 years",NA,NA,NA,NA,NA,NA,"Bare",NA,NA,NA
"88","Jurong East Street 31","Shop House","Boon Lay / Jurong / Tuas","
								$6,000,000 (Negotiable)
								","
							1,895 sqft (Built-up)
								","Not tenanted","1632044405","1","3","17","6","3","3","
							$3,166 psf (Built-up)
								","Jurong East Street 31","LEASEHOLD/99 years",NA,NA,NA,NA,"HDB",NA,"Fully Fitted",NA,NA,NA
"89","Kaki Bukit Place","Factory","Eunos / Geylang / Paya Lebar","
								$4,700,000 (View To Offer)
								","
							13,500 sqft (Built-up)
								","Not tenanted","1631957425","0","3","11","6","1","3","
							$348 psf (Built-up)
								","Eunos Techpark","60 Years from 20/11/1995","Factory (all Types","180",NA,NA,NA,NA,NA,NA,NA,NA
"90","Kaki Bukit Place","Warehouse","Eunos / Geylang / Paya Lebar","
								$6,618,788 (View to Offer)
								","
							7,696 sqft (Built-up)
								","Not tenanted","1631869114","0","3","11","6","1","3","
							$860 psf (Built-up)
								","Eunos Techpark",NA,"Food And Beverage",NA,NA,NA,NA,NA,NA,NA,NA,NA
"91","Kaki Bukit Road 1","Factory","Eunos / Geylang / Paya Lebar","
								$1,000,000 (Negotiable)
								","
							2,774 sqft (Built-up)
								","Tenanted","1631969163","6","3","19","6","2","3","
							$360 psf (Built-up)
								","Eunos Technolink","LEASEHOLD/99 years","Factory (all Types)",NA,"$0","1996",NA,"MID","Fully Fitted","Private","1",NA
"92","Kaki Bukit Road 1","Warehouse","Eunos / Geylang / Paya Lebar","
								$15,000,000 (Negotiable)
								","
							10,409 sqft (Built-up)
								","Tenanted","1631026387","9","3","20","6","3","3","
							$1,441 psf (Built-up)
								","Enterprise One","LEASEHOLD/60 years","Food And Beverage",NA,"$0",NA,NA,"GROUND","Fully Fitted",NA,NA,NA
"93","Kaki Bukit Road 1","Warehouse","Eunos / Geylang / Paya Lebar","
								$15,000,000 (View to Offer)
								","
							10,409 sqft (Built-up)
								","Not tenanted","1631868753","0","3","20","6","3","3","
							$1,441 psf (Built-up)
								","Enterprise One","60 years from 09/07/1996","Food And Beverage",NA,NA,NA,NA,NA,NA,NA,NA,NA
"94","Kaki Bukit Road 1","Warehouse","Eunos / Geylang / Paya Lebar","
								$5,300,000 (View to Offer)
								","
							6,157 sqft (Built-up)
								","Not tenanted","1631869164","0","3","18","6","1","3","
							$861 psf (Built-up)
								","Eunos Technolink","LEASEHOLD/60 years","Food And Beverage",NA,NA,NA,NA,NA,NA,NA,NA,NA
"95","Kaki Bukit Road 2","Factory","Eunos / Geylang / Paya Lebar","
								$580,000","
							2,400 sqft (Built-up)
								","Not tenanted","1631957425","0","3","0","6","0","3","
							$242 psf (Built-up)
								","First East Centre","LEASEHOLD/30 years","Factory (all Types)",NA,NA,NA,NA,NA,NA,NA,NA,NA
"96","Kaki Bukit Road 2","Office","Eunos / Geylang / Paya Lebar","
								$751,880","
							2,647 sqft (Built-up)
								","Not tenanted","1632018934","0","3","0","6","0","3","
							$284 psf (Built-up)
								","First East Centre",NA,"Industrial",NA,NA,NA,NA,NA,NA,NA,NA,NA
"97","Kaki Bukit Road 2","Warehouse","Eunos / Geylang / Paya Lebar","
								$472,940","
							1,819 sqft (Built-up)
								","Not tenanted","1632018941","0","3","11","7","0","3","
							$260 psf (Built-up)
								","Gordon Warehouse Building","60 Years from 25/07/1981",NA,NA,NA,NA,NA,NA,NA,NA,NA,NA
"98","Kaki Bukit Road 2","Warehouse","Eunos / Geylang / Paya Lebar","
								$650,000","
							2,163 sqft (Built-up)
								","Not tenanted","1631668485","1","3","11","7","0","3","
							$301 psf (Built-up)
								","Ruby Warehouse Complex","60 Years from 07/12/1981",NA,NA,NA,NA,NA,NA,NA,NA,NA,NA
"99","Kaki Bukit Road 4","Factory","Eunos / Geylang / Paya Lebar","
								$730,000 (Negotiable)
								","
							2,100 sqft (Built-up)
								","Not tenanted","1631957425","0","3","0","6","0","3","
							$348 psf (Built-up)
								","Synergy @ KB","LEASEHOLD/99 years","Factory (all Types)",NA,NA,NA,NA,NA,NA,NA,NA,NA
"100","Kallang Bahru","HDB Shop House","Balestier / Toa Payoh","
								$2,000,000 (Negotiable)
								","
							1,420 sqft (Built-up)
								","Tenanted","1631632754","3","3","21","6","3","3","
							$1,408 psf (Built-up)
								","Kallang Bahru","LEASEHOLD/99 years","Shop With Living Quarters",NA,"$0",NA,NA,"GROUND",NA,NA,"2",NA
"101","Kallang Pudding Road","Warehouse","Macpherson / Potong Pasir","
								$2,150,000","
							3,057 sqft (Built-up)
								","Not tenanted","1631957425","0","3","31","7","1","3","
							$703 psf (Built-up)
								","Elite Industrial Building I","FREEHOLD",NA,NA,NA,NA,NA,NA,NA,NA,NA,NA
"102","Kim Chuan Drive","Warehouse","Hougang / Punggol / Sengkang","
								$3,000,000","
							1,765 sqft (Built-up)
								","Not tenanted","1630726672","0","3","14","8","1","3","
							$1,700 psf (Built-up)
								","Citrine Foodland @ 33 Kim Chuan",NA,"Food And Beverage",NA,NA,NA,NA,NA,NA,NA,NA,NA
"103","Kim Chuan Terrace","Factory","Hougang / Punggol / Sengkang","
								$16,000,000","
							8,117 sqft (Built-up)
								","Tenanted","1631958018","8","3","7","8","1","2","
							$1,971 psf (Built-up)
								","Tai Kim Industrial Estate","FREEHOLD",NA,NA,"$45,000","1985",NA,NA,NA,NA,NA,NA
"104","Koon Seng Road","Land","East Coast / Marine Parade","
								$3,000,000 (View to Offer)
								","
							1,574 sqft (Land) / 
								","Not tenanted","1631680081","4","3","4","6","3","3","
							$1,905 psf (Land) /
								","Koon Seng Road",NA,"Land With Building / En-bloc",NA,NA,NA,NA,NA,NA,NA,NA,NA
"105","Lavender Street","Shop House","Balestier / Toa Payoh","
								$9,555,555","
							2,083 sqft (Built-up)
								","Not tenanted","1631865075","1","3","33","6","3","3","
							$4,587 psf (Built-up)
								","Lavender Street",NA,NA,NA,NA,NA,NA,NA,NA,NA,NA,NA
"106","Lengkong Dua","Land","Eunos / Geylang / Paya Lebar","
								$6,380,000","
							6,000 sqft (Land) / 
								","Not tenanted","1624607313","6","3","3","6","3","3","
							$1,063 psf (Land) /
								","Lengkong Dua",NA,"Land With Building / En-bloc",NA,NA,NA,NA,NA,NA,NA,NA,NA
"107","Lok Yang Way","Land","Boon Lay / Jurong / Tuas","
								$3,000,000","
							18,000 sqft (Land) / 
								","Not tenanted","1630585431","0","3","3","5","1","0","
							$166 psf (Land) /
								","Lok Yang Way",NA,"Land Only",NA,NA,NA,NA,NA,NA,NA,NA,NA
"108","Lorong 1 Realty Park","Land","Hougang / Punggol / Sengkang","
								$3,414,000","
							4,865 sqft (Land) / 
								","Not tenanted","1630446589","2","3","33","6","3","3","
							$701 psf (Land) /
								","Parkwood Collection","LEASEHOLD/99 years","Land With Building / En-bloc",NA,NA,NA,"Fantasia Holding Group",NA,NA,NA,NA,NA
"109","Lorong 1 Realty Park","Land","Hougang / Punggol / Sengkang","
								$3,710,000","
							4,865 sqft (Land) / 
								","Not tenanted","1631777044","2","3","33","6","3","3","
							$762 psf (Land) /
								","Parkwood Collection","LEASEHOLD/99 years","Land With Building / En-bloc",NA,NA,NA,"Fantasia Holding Group",NA,NA,NA,NA,NA
"110","Lorong 23 Geylang","Warehouse","Eunos / Geylang / Paya Lebar","
								$1,800,000 (Negotiable)
								","
							1,550 sqft (Built-up)
								","Not tenanted","1631544657","0","3","16","7","3","3","
							$1,161 psf (Built-up)
								","Atrix","Freehold",NA,"7",NA,NA,"Hafary Pte Ltd",NA,NA,NA,NA,NA
"111","Lorong 6 Toa Payoh","HDB Shop House","Balestier / Toa Payoh","
								$6,200,000 (Offer in Excess)
								","
							1,259 sqft (Built-up)
								","Not tenanted","1631845227","0","3","13","7","3","3","
							$4,925 psf (Built-up)
								","190 Lorong 6 Toa Payoh","LEASEHOLD/99 years","Hdb Shophouse",NA,NA,NA,NA,"GROUND",NA,NA,NA,NA
"112","Lorong G Telok Kurau","Land","East Coast / Marine Parade","
								$6,299,999","
							5,735 sqft (Land) / 
								","Not tenanted","1631503687","0","3","20","6","3","3","
							$1,098 psf (Land) /
								","Lorong G Telok Kurau",NA,"Land With Building / En-bloc",NA,NA,NA,NA,NA,NA,NA,NA,NA
"113","Lorong Marzuki","Land","Eunos / Geylang / Paya Lebar","
								$5,580,000","
							2,496 sqft (Land) / 
								","Not tenanted","1631347903","6","3","10","6","3","3","
							$2,235 psf (Land) /
								","Lorong Marzuki",NA,"Land Only",NA,NA,NA,NA,NA,NA,NA,NA,NA
"114","Loyang Drive","Factory","Changi Airport / Changi Village","
								$6,200,000 (Negotiable)
								","
							19,200 sqft (Built-up)
								","Not tenanted","1631063325","5","2","0","6","2","3","
							$323 psf (Built-up)
								","Loyang Industrial Estate","LEASEHOLD/60 years","Dormitory",NA,NA,"2017",NA,NA,"Fully Fitted",NA,NA,NA
"115","Macpherson Road","Retail","Macpherson / Potong Pasir","
								$2,521,246","
							398 sqft (Built-up)
								","Not tenanted","1632014653","2","3","14","7","0","3","
							$6,335 psf (Built-up)
								","Macpherson Mall","Freehold","Shop","86",NA,NA,"LVND Investments Pte Ltd",NA,NA,NA,NA,NA
"116","Mandai Estate","Factory","Admiralty / Woodlands","
								$940,000","
							1,583 sqft (Built-up)
								","Not tenanted","1631964298","2","2","0","3","3","1","
							$594 psf (Built-up)
								","Eldix","Freehold","Industrial",NA,NA,NA,NA,NA,NA,NA,NA,NA
"117","Marine Parade Central","HDB Shop House","East Coast / Marine Parade","
								$3,300,000 (Guide price)
								","
							1,528 sqft (Built-up)
								","Tenanted","1630924960","6","3","47","6","3","3","
							$2,160 psf (Built-up)
								","MARINE PARADE CENTRAL",NA,"Shop With Living Quarters",NA,"$0",NA,NA,"GROUND","Fully Fitted","Private","4",NA
"118","Marine Parade Central","HDB Shop House","East Coast / Marine Parade","
								$5,500,000 (Negotiable)
								","
							1,500 sqft (Built-up)
								","Tenanted","1630924960","6","3","47","6","3","3","
							$3,667 psf (Built-up)
								","MARINE PARADE CENTRAL","LEASEHOLD/99 years","Retail",NA,"$17,000","1976",NA,"GROUND","Fully Fitted","Private","2",NA
"119","MARNE ROAD","Retail","Farrer Park / Serangoon Rd","
								$1,220,000","
							527 sqft (Built-up)
								","Not tenanted","1632048653","0","3","14","7","3","3","
							$2,315 psf (Built-up)
								","The Citron","FREEHOLD","Shop","54",NA,"2019","Goodland Assets Pte Ltd",NA,NA,NA,NA,NA
"120","MARSILING RISE","HDB Shop House","Admiralty / Woodlands","
								$2,100,000 (Negotiable)
								","
							1,399 sqft (Built-up)
								","Tenanted","1627572729","6","3","7","7","3","3","
							$1,501 psf (Built-up)
								","MARSILING RISE","LEASEHOLD/99 years",NA,NA,"$7,550",NA,NA,"GROUND","Fully Fitted",NA,NA,NA
"121","Mountbatten Road","Retail","East Coast / Marine Parade","
								$900,000","
							206 sqft (Built-up)
								","Not tenanted","1632026927","1","3","22","6","3","3","
							$4,369 psf (Built-up)
								","Katong Shopping Centre","Freehold",NA,NA,NA,NA,NA,NA,"Partially Fitted",NA,NA,NA
"122","Neil Road","Shop House","Chinatown / Tanjong Pagar","
								$7,800,000 (Negotiable)
								","
							3,045 sqft (Built-up)
								","Not tenanted","1631863427","3","3","7","4","3","3","
							$2,562 psf (Built-up)
								","Neil Road","LEASEHOLD/99 years","Shophouse",NA,NA,NA,NA,NA,"Partially Fitted",NA,NA,NA
"123","Neil Road","Shop House","Chinatown / Tanjong Pagar","
								$7,800,000 (Negotiable)
								","
							3,046 sqft (Built-up)
								","Not tenanted","1632012798","2","3","6","4","3","3","
							$2,561 psf (Built-up)
								","Jinrikisha Station","LEASEHOLD/99 years","Shophouse",NA,NA,NA,NA,NA,NA,NA,NA,NA
"124","New Industrial Road","Factory","Hougang / Punggol / Sengkang","
								$1,683,365 (Negotiable)
								","
							2,411 sqft (Built-up)
								","Not tenanted","1632052267","2","3","0","8","3","3","
							$698 psf (Built-up)
								","In Space","FREEHOLD","Industrial",NA,NA,NA,NA,NA,"Bare",NA,NA,NA
"125","New Industrial Road","Office","Hougang / Punggol / Sengkang","
								$1,684,890","
							2,174 sqft (Built-up)
								","Not tenanted","1631963082","5","3","0","8","3","3","
							$775 psf (Built-up)
								","In Space",NA,"Industrial",NA,NA,NA,NA,NA,NA,NA,NA,NA
"126","New Upper Changi Road","Shop House","Bedok / Upper East Coast","
								$3,388,000","
							1,517 sqft (Built-up)
								","Not tenanted","1632029152","1","3","30","7","3","3","
							$2,233 psf (Built-up)
								","New Upper Changi Road",NA,NA,NA,NA,NA,NA,NA,NA,NA,NA,NA
"127","North Bridge Road","Office","City Hall / Clarke Quay","
								$1,330,000","
							786 sqft (Built-up)
								","Not tenanted","1632021033","8","3","15","6","3","3","
							$1,692 psf (Built-up)
								","High Street Centre","LEASEHOLD/99 years",NA,NA,NA,NA,NA,NA,NA,NA,NA,NA
"128","North Bridge Road","Office","City Hall / Clarke Quay","
								$1,450,000","
							786 sqft (Built-up)
								","Not tenanted","1632021033","8","3","15","6","3","3","
							$1,845 psf (Built-up)
								","High Street Centre","LEASEHOLD/99 years",NA,NA,NA,NA,NA,NA,NA,NA,NA,NA
"129","North Bridge Road","Office","City Hall / Clarke Quay","
								$1,650,000","
							1,001 sqft (Built-up)
								","Not tenanted","1632021033","8","3","15","6","3","3","
							$1,648 psf (Built-up)
								","High Street Centre","LEASEHOLD/99 years",NA,NA,NA,NA,NA,NA,NA,NA,NA,NA
"130","North Bridge Road","Office","City Hall / Clarke Quay","
								$446,400","
							248 sqft (Built-up)
								","Not tenanted","1632021033","5","3","15","6","3","3","
							$1,800 psf (Built-up)
								","High Street Centre","LEASEHOLD/99 years",NA,NA,NA,NA,NA,NA,NA,NA,NA,NA
"131","North Bridge Road","Office","City Hall / Clarke Quay","
								$880,000","
							550 sqft (Built-up)
								","Not tenanted","1632021033","7","3","15","6","3","3","
							$1,600 psf (Built-up)
								","High Street Centre","LEASEHOLD/99 years",NA,NA,NA,NA,NA,NA,NA,NA,NA,NA
"132","North Bridge Road","Retail","City Hall / Clarke Quay","
								$1,016,000","
							635 sqft (Built-up)
								","Not tenanted","1632021033","5","3","15","6","3","3","
							$1,600 psf (Built-up)
								","High Street Centre","LEASEHOLD/99 years","Shop",NA,NA,NA,NA,NA,NA,NA,NA,NA
"133","North Bridge Road","Retail","City Hall / Clarke Quay","
								$1,500,000 (Negotiable)
								","
							390 sqft (Built-up)
								","Not tenanted","1631964298","0","3","32","6","3","3","
							$3,846 psf (Built-up)
								","Peninsula Plaza","999 years","Retail",NA,NA,"1981",NA,NA,NA,NA,NA,NA
"134","North Bridge Road","Retail","City Hall / Clarke Quay","
								$1,850,000","
							366 sqft (Built-up)
								","Not tenanted","1632014633","0","3","32","6","3","3","
							$5,055 psf (Built-up)
								","Peninsula Plaza","999 Years from 29/10/1829","Shop",NA,NA,NA,NA,NA,NA,NA,NA,NA
"135","North Bridge Road","Retail","City Hall / Clarke Quay","
								$701,000","
							484 sqft (Built-up)
								","Not tenanted","1632021033","4","3","15","6","3","3","
							$1,448 psf (Built-up)
								","High Street Centre","LEASEHOLD/99 years","Shop",NA,NA,NA,NA,NA,NA,NA,NA,NA
"136","North Bridge Road","Retail","City Hall / Clarke Quay","
								$730,000","
							409 sqft (Built-up)
								","Not tenanted","1632021033","5","3","15","6","3","3","
							$1,785 psf (Built-up)
								","High Street Centre","LEASEHOLD/99 years","Shop",NA,NA,NA,NA,NA,NA,NA,NA,NA
"137","North Bridge Road","Retail","City Hall / Clarke Quay","
								$887,500","
							355 sqft (Built-up)
								","Not tenanted","1632021033","0","3","32","6","3","3","
							$2,500 psf (Built-up)
								","Peninsula Plaza","999 Years from 29/10/1829",NA,NA,NA,NA,NA,NA,NA,NA,NA,NA
"138","Orchard Road","Retail","Orchard / River Valley","
								$1,800,000 (View to Offer)
								","
							474 sqft (Built-up)
								","Not tenanted","1632029212","0","3","69","6","3","3","
							$3,797 psf (Built-up)
								","Concorde Hotel And Shopping Mall","99 years from 17/08/1979","Shop",NA,NA,NA,NA,NA,NA,NA,NA,NA
"139","Orchard Road","Retail","Orchard / River Valley","
								$2,500,000 (Guide Price)
								","
							300 sqft (Built-up)
								","Tenanted","1632045652","0","3","74","7","3","3","
							$8,333 psf (Built-up)
								","Midpoint Orchard","FREEHOLD","Mall",NA,"$2,800",NA,NA,"LOW",NA,NA,NA,NA
"140","Owen Road","HDB Shop House","Farrer Park / Serangoon Rd","
								$10,000,000 (Guide Price)
								","
							3,500 sqft (Built-up)
								","Tenanted","1630501990","0","3","5","7","3","3","
							$2,857 psf (Built-up)
								","Owen Road","LEASEHOLD/99 years","Hdb Shophouse",NA,NA,NA,NA,NA,NA,"Government","1",NA
"141","Pagoda Street","Shop House","Boat Quay / Raffles Place / Marina","
								$15,000,000 (Negotiable)
								","
							3,000 sqft (Built-up)
								","Tenanted","1632048263","0","3","26","5","3","3","
							$5,000 psf (Built-up)
								","Pagoda Street","FREEHOLD","Shop",NA,"$0",NA,NA,NA,NA,NA,NA,NA
"142","Pandan Gardens","HDB Shop House","Boon Lay / Jurong / Tuas","
								$1,200,000 (Negotiable)
								","
							650 sqft (Built-up)
								","Tenanted","1631413520","2","3","8","6","3","3","
							$1,846 psf (Built-up)
								","Pandan Gardens","LEASEHOLD/99 years",NA,NA,"$0",NA,NA,"GROUND",NA,"Private",NA,NA
"143","Pandan Loop","Factory","Buona Vista / West Coast / Clementi New Town","
								$2,100,289","
							1,819 sqft (Built-up)
								","Not tenanted","1632036359","6","3","2","6","1","3","
							$1,155 psf (Built-up)
								","CT Foodchain","LEASEHOLD/99 years","Grade B2",NA,NA,NA,NA,"LOW",NA,NA,NA,"2023"
"144","Pandan Loop","Factory","Buona Vista / West Coast / Clementi New Town","
								$2,442,491","
							3,520 sqft (Built-up)
								","Not tenanted","1632011741","0","3","2","6","1","3","
							$694 psf (Built-up)
								","CT FoodCHAIN","LEASEHOLD/99 years","Factory (all Types)",NA,NA,NA,NA,NA,NA,NA,NA,NA
"145","Pandan Loop","Warehouse","Buona Vista / West Coast / Clementi New Town","
								$2,081,851 (View to Offer)
								","
							1,819 sqft (Built-up)
								","Not tenanted","1631151170","8","3","2","6","1","3","
							$1,145 psf (Built-up)
								","CT FoodCHAIN",NA,"Food And Beverage",NA,NA,NA,NA,NA,NA,NA,NA,NA
"146","Pandan Loop","Warehouse","Buona Vista / West Coast / Clementi New Town","
								$2,390,000","
							3,520 sqft (Built-up)
								","Not tenanted","1631947180","0","3","2","6","1","3","
							$679 psf (Built-up)
								","CT FoodCHAIN","LEASEHOLD/99 years","Food And Beverage",NA,NA,NA,NA,NA,NA,NA,NA,NA
"147","Pandan Loop","Warehouse","Buona Vista / West Coast / Clementi New Town","
								$2,450,000","
							3,509 sqft (Built-up)
								","Not tenanted","1631947175","0","3","2","6","1","3","
							$698 psf (Built-up)
								","CT FoodCHAIN","LEASEHOLD/99 years","Food And Beverage",NA,NA,NA,NA,NA,NA,NA,NA,NA
"148","Pandan Loop","Warehouse","Buona Vista / West Coast / Clementi New Town","
								$5,777,850","
							6,372 sqft (Built-up)
								","Not tenanted","1631947178","0","3","2","6","1","3","
							$907 psf (Built-up)
								","CT FoodCHAIN","LEASEHOLD/99 years","Food And Beverage",NA,NA,NA,NA,NA,NA,NA,NA,NA
"149","Park Road","Retail","Boat Quay / Raffles Place / Marina","
								$2,850,000","
							452 sqft (Built-up)
								","Tenanted","1632018896","0","3","33","6","3","3","
							$6,305 psf (Built-up)
								","People's Park Complex","LEASEHOLD/99 years","Shop",NA,NA,NA,NA,NA,NA,NA,NA,NA
"150","Pasir Panjang Road","Shop House","Buona Vista / West Coast / Clementi New Town","
								$1,800,000 (Negotiable)
								","
							420 sqft (Built-up)
								","Tenanted","1631933470","0","3","13","0","1","2","
							$4,286 psf (Built-up)
								","Icon @ Pasir Panjang",NA,"Shop",NA,NA,NA,NA,"GROUND",NA,NA,NA,NA
"151","Paya Lebar Road","Factory","Eunos / Geylang / Paya Lebar","
								$1,950,000 (Negotiable)
								","
							1,410 sqft (Built-up)
								","Not tenanted","1632021033","8","3","25","6","3","3","
							$1,383 psf (Built-up)
								","Az @ Paya Lebar","FREEHOLD","Industrial",NA,NA,"2014",NA,NA,"Partially Fitted",NA,NA,NA
"152","Peck Seah Street","Office","Chinatown / Tanjong Pagar","
								$1,350,000 (View to Offer)
								","
							441 sqft (Built-up)
								","Not tenanted","1631878073","8","3","6","3","3","3","
							$3,061 psf (Built-up)
								","PS100","99 Years from 13/04/2011",NA,NA,NA,NA,NA,NA,"Partially Fitted",NA,NA,NA
"153","PECK SEAH STREET","Office","Chinatown / Tanjong Pagar","
								$1,400,000","
							517 sqft (Built-up)
								","Tenanted","1631869260","7","3","6","3","3","3","
							$2,708 psf (Built-up)
								","PS100","LEASEHOLD/99 years","Office",NA,NA,"2016",NA,"MID",NA,NA,NA,NA
"154","Phillips Avenue","Land","Hougang / Punggol / Sengkang","
								$7,900,000","
							8,000 sqft (Land) / 
								","Not tenanted","1630446588","1","3","34","7","3","3","
							$987 psf (Land) /
								","Phillips Avenue",NA,"Land With Building / En-bloc",NA,NA,NA,NA,NA,NA,NA,NA,NA
"155","Playfair Road","Warehouse","Macpherson / Potong Pasir","
								$7,500,000","
							5,242 sqft (Built-up)
								","Not tenanted","1631063302","0","3","25","8","1","3","
							$1,431 psf (Built-up)
								","Dlithium",NA,"Food And Beverage",NA,NA,NA,NA,NA,NA,NA,NA,NA
"156","Ponggol Seventeenth Avenue","Land","Hougang / Punggol / Sengkang","
								$6,500,000 (View to Offer)
								","
							6,440 sqft (Land) / 
								","Not tenanted","1631673881","3","3","0","5","1","2","
							$1,009 psf (Land) /
								",NA,"FREEHOLD","Land Only",NA,NA,NA,NA,"GROUND",NA,"Private",NA,NA
"157","Race Course Road","Land","Farrer Park / Serangoon Rd","
								$13,000,000 (View to offer)
								","
							2,630 sqft (Built-up)
								","Tenanted","1627373941","0","3","10","7","3","3","
							$4,943 psf (Built-up)
								","Race Course Road","FREEHOLD","Land With Building / En-bloc",NA,"$21,500",NA,NA,NA,"Fully Fitted","Private","12",NA
"158","Robinson Road","Office","Boat Quay / Raffles Place / Marina","
								$3,750,000 (Negotiable)
								","
							1,206 sqft (Built-up)
								","Tenanted","1631860481","3","3","58","2","3","3","
							$3,109 psf (Built-up)
								","Oxley Tower","FREEHOLD","Office","104","$6,300",NA,"Oxley Consortium Pte Ltd",NA,NA,NA,NA,NA
"159","Rochor Canal Road","Retail","Beach Road / Bugis / Rochor","
								$3,800,000","
							700 sqft (Built-up)
								","Tenanted","1631927301","0","3","26","6","3","3","
							$5,429 psf (Built-up)
								","Sim Lim Square",NA,"Shop",NA,NA,NA,NA,NA,"Bare",NA,NA,NA
"160","Sago Street","Shop House","Boat Quay / Raffles Place / Marina","
								$9,000,000","
							3,000 sqft (Built-up)
								","Tenanted","1631869108","0","3","20","3","3","3","
							$3,000 psf (Built-up)
								","Sago Street","FREEHOLD",NA,NA,NA,NA,NA,NA,NA,NA,NA,NA
"161","Sallim Road","Land","Eunos / Geylang / Paya Lebar","
								$7,985,000 (Negotiable)
								","
							4,244 sqft (Built-up)
								","Not tenanted","1630294560","0","3","25","7","3","3","
							$1,881 psf (Built-up)
								","Sallim Road","FREEHOLD","Land Only",NA,NA,NA,NA,NA,NA,NA,NA,NA
"162","Sam Leong Road","Retail","Farrer Park / Serangoon Rd","
								$2,600,000 (Negotiable)
								","
							560 sqft (Built-up)
								","Tenanted","1632027721","0","3","16","7","3","3","
							$4,643 psf (Built-up)
								","Trio","FREEHOLD","Restaurant","43","$5,000","2019","Tee Land Limited, KSH Holdings, Heeton Homes, Futuris Holdings Pte Ltd and Zap Piling Pte Ltd","GROUND",NA,NA,NA,NA
"163","Selegie Road","Retail","Beach Road / Bugis / Rochor","
								$858,000 (Negotiable)
								","
							481 sqft (Built-up)
								","Not tenanted","1631930375","0","3","29","5","3","3","
							$1,784 psf (Built-up)
								","Parklane Shopping Mall","LEASEHOLD/99 years",NA,NA,NA,NA,NA,"HIGH","Bare","Private",NA,NA
"164","Sembawang Road","Land","Sembawang / Yishun","
								$4,880,000","
							6,070 sqft (Land) / 
								","Not tenanted","1625042313","2","3","17","6","3","3","
							$803 psf (Land) /
								","Sembawang Springs Estate",NA,"Land With Building / En-bloc",NA,NA,NA,NA,NA,NA,NA,NA,NA
"165","Serangoon North Avenue 1","HDB Shop House","Hougang / Punggol / Sengkang","
								$7,000,000 (Guide Price)
								","
							3,000 sqft (Built-up)
								","Not tenanted","1630501990","0","3","11","6","3","3","
							$2,333 psf (Built-up)
								","Serangoon North Avenue 1","LEASEHOLD/99 years","Hdb Shophouse",NA,NA,NA,NA,"GROUND",NA,"Government","2",NA
"166","Serangoon North Avenue 1","Retail","Hougang / Punggol / Sengkang","
								$1,590,800 (Guide Price)
								","
							517 sqft (Built-up)
								","Not tenanted","1632015952","2","3","15","6","3","3","
							$3,077 psf (Built-up)
								","Affinity at Serangoon","LEASEHOLD/99 years",NA,NA,NA,NA,NA,NA,"Bare","Private",NA,"2022"
"167","Serangoon Road","Office","Farrer Park / Serangoon Rd","
								$1,200,000","
							900 sqft (Built-up)
								","Not tenanted","1631956375","4","3","10","7","3","3","
							$1,333 psf (Built-up)
								","Serangoon Road",NA,NA,NA,NA,NA,NA,NA,NA,NA,NA,NA
"168","Serangoon Road","Office","Farrer Park / Serangoon Rd","
								$3,100,000","
							1,012 sqft (Built-up)
								","Not tenanted","1632013419","0","3","16","7","3","3","
							$3,063 psf (Built-up)
								","Centrium Square","Freehold",NA,NA,NA,NA,"Tong Eng Group",NA,NA,NA,NA,NA
"169","Serangoon Road","Shop House","Farrer Park / Serangoon Rd","
								$2,699,999","
							900 sqft (Built-up)
								","Not tenanted","1631843367","4","3","3","7","3","3","
							$3,000 psf (Built-up)
								","Little India Conservation Area",NA,NA,NA,NA,NA,NA,NA,"Fully Fitted","Private",NA,NA
"170","Serangoon Road","Shop House","Farrer Park / Serangoon Rd","
								$6,600,000 (Negotiable)
								","
							1,571 sqft (Built-up)
								","Not tenanted","1631887308","4","3","16","7","3","3","
							$4,201 psf (Built-up)
								","Serangoon Road","999 years",NA,NA,NA,NA,NA,NA,NA,NA,NA,NA
"171","Serangoon Road","Shop House","Farrer Park / Serangoon Rd","
								$7,300,000 (Negotiable)
								","
							4,800 sqft (Built-up)
								","Tenanted","1624437440","6","3","16","7","3","3","
							$1,521 psf (Built-up)
								","Serangoon Road","FREEHOLD","Shophouse",NA,"$15,000","2017","Private",NA,"Partially Fitted","Private","4",NA
"172","Serangoon Road","Shop House","Farrer Park / Serangoon Rd","
								$8,000,000 (Offer in Excess)
								","
							1,562 sqft (Built-up)
								","Not tenanted","1631843367","3","3","15","5","3","3","
							$5,122 psf (Built-up)
								","Serangoon Road","999 years","Shophouse",NA,NA,NA,NA,NA,"Fully Fitted",NA,NA,NA
"173","Shenton Way","Office","Boat Quay / Raffles Place / Marina","
								$1,100,000 (Negotiable)
								","
							441 sqft (Built-up)
								","Not tenanted","1631871452","3","3","62","2","3","3","
							$2,494 psf (Built-up)
								","Shenton House","99 Years from 02/06/1969","Grade A",NA,NA,NA,NA,NA,NA,NA,NA,NA
"174","Shrewsbury Road","Land","Newton / Novena","
								$5,000,000","
							3,783 sqft (Land) / 
								","Not tenanted","1629515063","0","3","6","7","3","3","
							$1,321 psf (Land) /
								","Shrewsbury Road",NA,"Land Only",NA,NA,NA,NA,NA,NA,NA,NA,NA
"175","Siglap Drive","Land","East Coast / Marine Parade","
								$4,000,000 (Negotiable)
								","
							1,889 sqft (Built-up)
								","Not tenanted","1630317915","2","3","3","7","3","3","
							$2,118 psf (Built-up)
								",NA,"FREEHOLD","Land Only",NA,NA,NA,NA,NA,NA,NA,NA,NA
"176","Siglap Road","Land","East Coast / Marine Parade","
								$5,508,888 (Negotiable)
								","
							3,406 sqft (Land) / 
								","Not tenanted","1631588798","0","3","6","7","3","3","
							$1,617 psf (Land) /
								","Frankel Estate","FREEHOLD","Land With Building / En-bloc",NA,NA,NA,NA,NA,NA,NA,NA,NA
"177","Sin Ming Road","Shop House","Ang Mo Kio / Bishan / Thomson","
								$1,600,000","
							1,507 sqft (Built-up)
								","Not tenanted","1631964298","2","3","4","9","3","3","
							$1,062 psf (Built-up)
								","Sin Ming Centre",NA,NA,NA,NA,NA,NA,NA,NA,NA,NA,NA
"178","Sinaran Drive","Retail","Newton / Novena","
								$4,116,000","
							840 sqft (Built-up)
								","Not tenanted","1632011380","0","3","14","8","3","3","
							$4,900 psf (Built-up)
								","Square 2/novena Medical Center","99 Years from 28/08/2002","Medical",NA,NA,NA,NA,NA,NA,NA,NA,NA
"179","Soon Lee Street","Factory","Boon Lay / Jurong / Tuas","
								$538,000 (Negotiable)
								","
							1,485 sqft (Built-up)
								","Not tenanted","1632016183","3","3","14","7","3","3","
							$362 psf (Built-up)
								","Pioneer Centre","LEASEHOLD/99 years","Factory (all Types)",NA,NA,NA,NA,NA,"Bare",NA,NA,NA
"180","South Buona Vista Road","Land","Buona Vista / West Coast / Clementi New Town","
								$3,008,000","
							2,067 sqft (Land) / 
								","Not tenanted","1631276216","2","3","0","0","3","3","
							$1,455 psf (Land) /
								","Kent Ridge Hill Residences","LEASEHOLD/99 years","Land With Building / En-bloc",NA,NA,NA,"Oxley Holdings Limited",NA,NA,NA,NA,NA
"181","Sunrise Terrace","Land","Seletar / Yio Chu Kang","
								$2,227,850","
							2,756 sqft (Land) / 
								","Not tenanted","1630446635","5","1","0","3","1","2","
							$808 psf (Land) /
								","Alana","LEASEHOLD/103 years","Land With Building / En-bloc",NA,NA,NA,"Far East Organization",NA,NA,NA,NA,NA
"182","Swanage Road","Land","East Coast / Marine Parade","
								$7,985,000 (View to Offer)
								","
							6,923 sqft (Land) / 
								6,923 sqft (Built-up)
								","Not tenanted","1630759836","4","3","25","7","3","3","
							$1,153 psf (Land) /
								$1,153 psf (Built-up)
								","Swanage Road",NA,"Land With Building / En-bloc",NA,NA,NA,NA,NA,NA,NA,NA,NA
"183","Tagore Lane","Warehouse","Mandai / Upper Thomson","
								$1,150,000","
							2,120 sqft (Built-up)
								","Not tenanted","1631814569","4","3","0","7","0","2","
							$542 psf (Built-up)
								","Liberty Warehouse","Freehold",NA,NA,NA,NA,NA,NA,NA,NA,NA,NA
"184","Tagore Lane","Warehouse","Mandai / Upper Thomson","
								$1,168,000","
							2,120 sqft (Built-up)
								","Not tenanted","1631515564","0","3","0","7","0","2","
							$551 psf (Built-up)
								","Liberty Warehouse","Freehold",NA,NA,NA,NA,NA,NA,NA,NA,NA,NA
"185","Tanglin Road","Retail","Tanglin / Holland / Bukit Timah","
								$2,500,000","
							495 sqft (Built-up)
								","Tenanted","1632016862","0","3","27","8","3","3","
							$5,051 psf (Built-up)
								","Tanglin Shopping Centre","FREEHOLD","Mall",NA,"$1,800","1965",NA,"LOW",NA,NA,NA,NA
"186","Tanjong Katong Road","Land","East Coast / Marine Parade","
								$3,100,000","
							2,300 sqft (Land) / 
								","Not tenanted","1622696174","3","3","20","7","3","3","
							$1,347 psf (Land) /
								","Tanjong Katong Road",NA,"Land With Building / En-bloc",NA,NA,NA,NA,NA,NA,NA,NA,NA
"187","Tanjong Pagar Plaza","HDB Shop House","Chinatown / Tanjong Pagar","
								$1,850,000 (Negotiable)
								","
							775 sqft (Built-up)
								","Not tenanted","1631589400","0","3","6","3","3","3","
							$2,387 psf (Built-up)
								","Tanjong Pagar Plaza","LEASEHOLD/99 years",NA,NA,NA,"1979",NA,"GROUND","Fully Fitted","Private",NA,NA
"188","Telok Ayer Street","Shop House","Boat Quay / Raffles Place / Marina","
								$16,000,000","
							1,170 sqft (Built-up)
								","Not tenanted","1631927433","0","3","2","3","3","3","
							$13,675 psf (Built-up)
								","Telok Ayer Street",NA,NA,NA,NA,NA,NA,NA,"Partially Fitted",NA,NA,NA
"189","Telok Blangah Drive","Office","Sentosa / Harbourfront","
								$1,580,000","
							1,442 sqft (Built-up)
								","Tenanted","1632027609","0","3","5","6","3","3","
							$1,096 psf (Built-up)
								","65 Telok Blangah Drive",NA,"Office",NA,NA,NA,NA,"GROUND",NA,NA,NA,NA
"190","Telok Blangah Rise","Shop House","Sentosa / Harbourfront","
								$1,580,000 (Negotiable)
								","
							1,485 sqft (Built-up)
								","Not tenanted","1631870411","0","3","11","6","3","3","
							$1,064 psf (Built-up)
								","Telok Blangah Rise","LEASEHOLD/99 years",NA,NA,NA,NA,"HDB",NA,NA,NA,NA,NA
"191","Temasek Boulevard","Office","Boat Quay / Raffles Place / Marina","
								$12,500,000","
							3,638 sqft (Built-up)
								","Not tenanted","1632014589","8","3","18","4","3","3","
							$3,436 psf (Built-up)
								","Suntec City","99 Years from 01/03/1989",NA,NA,NA,NA,NA,NA,"Fully Fitted",NA,NA,NA
"192","Temasek Boulevard","Office","Boat Quay / Raffles Place / Marina","
								$16,980,805 (Guide price)
								","
							5,683 sqft (Built-up)
								","Tenanted","1631936318","4","3","18","4","3","3","
							$2,988 psf (Built-up)
								","Suntec City","LEASEHOLD/99 years","Grade A",NA,"$0","1997",NA,"HIGH",NA,"Private",NA,NA
"193","Temasek Boulevard","Office","Boat Quay / Raffles Place / Marina","
								$38,168,000 (Negotiable)
								","
							11,744 sqft (Built-up)
								","Tenanted","1631863729","6","3","12","4","3","3","
							$3,250 psf (Built-up)
								","Suntec City","LEASEHOLD/99 years","Grade A",NA,"$0",NA,NA,"HIGH","Fully Fitted","Private","4",NA
"194","Temasek Boulevard","Office","Boat Quay / Raffles Place / Marina","
								$43,808,000 (Guide price)
								","
							11,840 sqft (Built-up)
								","Tenanted","1631938430","2","3","18","4","3","3","
							$3,700 psf (Built-up)
								","Suntec City","LEASEHOLD/99 years",NA,NA,"$0","1989",NA,NA,"Bare","Private",NA,NA
"195","Teo Hong Road","Shop House","Chinatown / Tanjong Pagar","
								$14,980,000 (Negotiable)
								","
							4,020 sqft (Built-up)
								","Not tenanted","1631860481","4","3","11","4","3","3","
							$3,726 psf (Built-up)
								","Bukit Pasoh Conservation Area",NA,"Shophouse",NA,NA,NA,NA,NA,NA,NA,NA,NA
"196","Tessensohn Road","Shop House","Farrer Park / Serangoon Rd","
								$2,171,000 (Negotiable)
								","
							700 sqft (Built-up)
								","Not tenanted","1631843367","3","3","20","6","3","3","
							$3,101 psf (Built-up)
								","Tessensohn Road","FREEHOLD","Shophouse",NA,NA,NA,NA,NA,"Bare",NA,NA,NA
"197","Tessensohn Road","Shop House","Farrer Park / Serangoon Rd","
								$5,400,000 (Offer in Excess)
								","
							4,500 sqft (Built-up)
								","Not tenanted","1631843367","9","3","20","6","3","3","
							$1,200 psf (Built-up)
								","Race Course Rd/Owen Road Conservation Area","FREEHOLD","Shophouse",NA,NA,NA,NA,NA,"Fully Fitted","Private",NA,NA
"198","Third Lok Yang Road","Factory","Boon Lay / Jurong / Tuas","
								$7,200,000","
							44,681 sqft (Built-up)
								","Tenanted","1631959331","10","2","3","5","2","1","
							$161 psf (Built-up)
								","Third Lok Yang Road",NA,"Factory (all Types)",NA,NA,NA,NA,NA,NA,NA,NA,NA
"199","Toa Payoh Central","Shop House","Balestier / Toa Payoh","
								$3,800,000 (Negotiable)
								","
							1,238 sqft (Built-up)
								","Not tenanted","1631969163","3","3","29","7","3","3","
							$3,069 psf (Built-up)
								","Toa Payoh Central","LEASEHOLD/99 years","Shophouse",NA,NA,NA,NA,"GROUND","Fully Fitted","Private","2",NA
"200","Toa Payoh Central","Shop House","Balestier / Toa Payoh","
								$6,900,000 (Negotiable)
								","
							1,345 sqft (Built-up)
								","Not tenanted","1631810725","0","3","13","7","3","3","
							$5,130 psf (Built-up)
								","Toa Payoh Central","LEASEHOLD/99 years","Shophouse",NA,NA,NA,NA,NA,NA,"Private",NA,NA
"201","Toh Guan Road East","Warehouse","Boon Lay / Jurong / Tuas","
								$790,000 (View to Offer)
								","
							1,970 sqft (Built-up)
								","Tenanted","1630727887","9","3","8","6","3","3","
							$401 psf (Built-up)
								","Alpha Industrial Building",NA,NA,NA,NA,NA,NA,NA,NA,NA,NA,NA
"202","Toh Guan Road East","Warehouse","Boon Lay / Jurong / Tuas","
								$920,000","
							2,000 sqft (Built-up)
								","Not tenanted","1631271879","0","3","8","6","3","3","
							$460 psf (Built-up)
								","Enterprise Hub","60 Years from 01/12/1997",NA,NA,NA,NA,NA,NA,NA,NA,NA,NA
"203","Tuas Avenue 1","Warehouse","Boon Lay / Jurong / Tuas","
								$10,500,000 (Negotiable)
								","
							49,675 sqft (Built-up)
								","Not tenanted","1631639138","7","2","3","0","0","0","
							$211 psf (Built-up)
								","Tuas Avenue 1","LEASEHOLD/60 years",NA,NA,NA,NA,NA,NA,"Fully Fitted",NA,NA,NA
"204","Tuas South Avenue 1","Factory","Boon Lay / Jurong / Tuas","
								$1,850,000 (Negotiable)
								","
							6,243 sqft (Built-up)
								","Not tenanted","1632009236","2","1","4","0","0","0","
							$296 psf (Built-up)
								","Tuas Cove Industrial Centre","LEASEHOLD/60 years","Factory (all Types)",NA,NA,NA,NA,NA,"Partially Fitted",NA,NA,NA
"205","Tuas South Avenue 3","Factory","Boon Lay / Jurong / Tuas","
								$1,100,000 (View To Offer)
								","
							3,100 sqft (Built-up)
								","Not tenanted","1632007207","0","0","2","0","0","0","
							$355 psf (Built-up)
								","The Index","LEASEHOLD/30 years","Factory (all Types)",NA,NA,NA,"Far East Organization",NA,"Bare",NA,NA,NA
"206","Tuas South Avenue 3","Warehouse","Boon Lay / Jurong / Tuas","
								$3,278,598 (View to Offer)
								","
							4,682 sqft (Built-up)
								","Not tenanted","1631869150","0","0","2","0","0","0","
							$700 psf (Built-up)
								","The Index",NA,"Food And Beverage",NA,NA,NA,NA,NA,NA,NA,NA,NA
"207","Tuas South Avenue 6","Warehouse","Boon Lay / Jurong / Tuas","
								$760,000","
							3,079 sqft (Built-up)
								","Tenanted","1630682227","4","0","2","0","0","0","
							$247 psf (Built-up)
								","The Westcom","60 years from 09/07/1996",NA,NA,NA,NA,NA,NA,NA,NA,NA,NA
"208","Tuas South Avenue 6","Warehouse","Boon Lay / Jurong / Tuas","
								$928,000 (Negotiable)
								","
							2,152 sqft (Built-up)
								","Tenanted","1631717633","1","0","2","0","0","0","
							$431 psf (Built-up)
								","The Westcom","60 years from 09/07/1996",NA,NA,NA,NA,NA,NA,NA,NA,NA,NA
"209","Tuas South Link 1","Factory","Boon Lay / Jurong / Tuas","
								$1,168,712","
							2,519 sqft (Built-up)
								","Not tenanted","1631963073","0","0","0","0","0","0","
							$464 psf (Built-up)
								","Shine@tuas South","30 years from 06/01/2015","Factory (all Types)","179",NA,"2018","BEACON PROPERTIES PTE LTD",NA,NA,NA,NA,NA
"210","Tuas View Place","Warehouse","Boon Lay / Jurong / Tuas","
								$122,000,000 (Negotiable)
								","
							327,433 sqft (Built-up)
								","Tenanted","1631021321","5","0","2","0","0","0","
							$373 psf (Built-up)
								","Tuas View Place","LEASEHOLD/30 years","Factory / Workshop (b2)",NA,"$0","1995",NA,"GROUND","Fully Fitted",NA,NA,NA
"211","Tyrwhitt Road","Retail","Farrer Park / Serangoon Rd","
								$7,800,000 (Negotiable)
								","
							5,600 sqft (Built-up)
								","Not tenanted","1632053600","3","3","16","7","3","3","
							$1,393 psf (Built-up)
								","Tyrwhitt Road","FREEHOLD",NA,NA,NA,NA,NA,NA,"Partially Fitted",NA,NA,NA
"212","Ubi Avenue 1","Factory","Eunos / Geylang / Paya Lebar","
								$1,480,000 (Negotiable)
								","
							3,121 sqft (Built-up)
								","Tenanted","1631970606","0","3","6","6","3","3","
							$474 psf (Built-up)
								","Paya Ubi Industrial Park","60 Years from 10/03/1997","Grade B1",NA,"$5,000",NA,NA,"MID",NA,NA,NA,NA
"213","Ubi Avenue 1","Shop House","Eunos / Geylang / Paya Lebar","
								$1,200,000","
							248 sqft (Built-up)
								","Not tenanted","1632023101","3","3","17","6","3","3","
							$4,839 psf (Built-up)
								","Ubi Avenue 1",NA,NA,NA,NA,NA,NA,NA,NA,NA,NA,NA
"214","Ubi Avenue 4","Factory","Eunos / Geylang / Paya Lebar","
								$780,000 (Starting From)
								","
							1,302 sqft (Built-up)
								","Not tenanted","1631612339","4","3","9","8","2","3","
							$599 psf (Built-up)
								","UB. One","LEASEHOLD/60 years","Industrial",NA,NA,NA,NA,NA,"Fully Fitted",NA,NA,NA
"215","Ubi Avenue 4","Warehouse","Eunos / Geylang / Paya Lebar","
								$2,600,000 (Negotiable)
								","
							7,675 sqft (Built-up)
								","Tenanted","1631175820","12","3","6","7","2","3","
							$339 psf (Built-up)
								","Pan Malayan Warehouse","LEASEHOLD/60 years","Factory / Workshop (b2)",NA,"$0","1982",NA,"GROUND","Partially Fitted","Private","5",NA
"216","Ubi Crescent","Factory","Eunos / Geylang / Paya Lebar","
								$1,035,000","
							2,300 sqft (Built-up)
								","Not tenanted","1631957425","1","3","6","6","3","3","
							$450 psf (Built-up)
								","Ubi Techpark","LEASEHOLD/99 years","Industrial",NA,NA,"1960","Ubi",NA,NA,NA,NA,NA
"217","Ubi Crescent","Factory","Eunos / Geylang / Paya Lebar","
								$1,055,000","
							2,300 sqft (Built-up)
								","Not tenanted","1631957425","0","3","6","6","3","3","
							$459 psf (Built-up)
								","Ubi Techpark","LEASEHOLD/99 years","Industrial",NA,NA,NA,NA,NA,NA,NA,NA,NA
"218","Ubi Crescent","Factory","Eunos / Geylang / Paya Lebar","
								$2,600,000","
							5,748 sqft (Built-up)
								","Not tenanted","1631957425","0","3","6","6","3","3","
							$452 psf (Built-up)
								","Ubi Techpark","60 Years from 05/07/1997","Industrial",NA,NA,NA,NA,NA,NA,NA,NA,NA
"219","Ubi Crescent","Factory","Eunos / Geylang / Paya Lebar","
								$3,330,000 (Negotiable)
								","
							7,900 sqft (Built-up)
								","Not tenanted","1631957425","0","3","6","6","3","3","
							$422 psf (Built-up)
								","Ubi Techpark","LEASEHOLD/99 years","Industrial",NA,NA,NA,NA,NA,NA,NA,NA,NA
"220","Ubi Crescent","Factory","Eunos / Geylang / Paya Lebar","
								$3,700,000","
							9,000 sqft (Built-up)
								","Not tenanted","1631957425","0","3","6","6","3","3","
							$411 psf (Built-up)
								","Ubi Techpark","LEASEHOLD/99 years","Industrial",NA,NA,NA,NA,NA,NA,NA,NA,NA
"221","Ubi Crescent","Factory","Eunos / Geylang / Paya Lebar","
								$4,800,000 (Negotiable)
								","
							11,100 sqft (Built-up)
								","Not tenanted","1631957425","0","3","6","6","3","3","
							$432 psf (Built-up)
								","Ubi Techpark","LEASEHOLD/99 years","Industrial",NA,NA,NA,NA,NA,NA,NA,NA,NA
"222","Ubi Crescent","Factory","Eunos / Geylang / Paya Lebar","
								$5,500,000","
							99,120 sqft (Built-up)
								","Not tenanted","1631957425","0","3","6","6","3","3","
							$55 psf (Built-up)
								","Ubi Techpark","LEASEHOLD/99 years",NA,NA,NA,NA,NA,NA,NA,NA,NA,NA
"223","Ubi Crescent","Factory","Eunos / Geylang / Paya Lebar","
								$5,500,000 (Negotiable)
								","
							11,000 sqft (Built-up)
								","Not tenanted","1632056166","0","3","6","6","3","3","
							$500 psf (Built-up)
								","Ubi Techpark","60 Years from 05/07/1997","Industrial",NA,NA,NA,NA,NA,NA,NA,NA,NA
"224","Ubi Crescent","Factory","Eunos / Geylang / Paya Lebar","
								$5,950,000 (Negotiable)
								","
							11,300 sqft (Built-up)
								","Not tenanted","1631957425","0","3","6","6","3","3","
							$527 psf (Built-up)
								","Ubi Techpark","LEASEHOLD/99 years","Industrial",NA,NA,NA,NA,NA,NA,NA,NA,NA
"225","Ubi Crescent","Factory","Eunos / Geylang / Paya Lebar","
								$725,000","
							1,400 sqft (Built-up)
								","Tenanted","1631957425","0","3","6","6","3","3","
							$518 psf (Built-up)
								","Ubi Techpark","LEASEHOLD/99 years","Industrial",NA,"$0",NA,NA,NA,NA,NA,NA,NA
"226","Ubi Crescent","Factory","Eunos / Geylang / Paya Lebar","
								$855,000 (Negotiable)
								","
							1,970 sqft (Built-up)
								","Not tenanted","1631957425","0","3","6","6","3","3","
							$434 psf (Built-up)
								","Ubi Techpark","LEASEHOLD/99 years","Industrial",NA,NA,NA,NA,NA,NA,NA,NA,NA
"227","Ubi Crescent","Office","Eunos / Geylang / Paya Lebar","
								$460,000","
							800 sqft (Built-up)
								","Not tenanted","1631957425","0","3","6","6","3","3","
							$575 psf (Built-up)
								","Ubi Techpark","LEASEHOLD/99 years",NA,NA,NA,NA,NA,NA,NA,NA,NA,NA
"228","Ubi Road 1","Warehouse","Eunos / Geylang / Paya Lebar","
								$1,200,000 (Negotiable)
								","
							1,916 sqft (Built-up)
								","Not tenanted","1630622940","0","3","3","7","3","3","
							$626 psf (Built-up)
								","Oxley Bizhub 2","60 Years from 10/06/2011",NA,NA,NA,NA,NA,NA,NA,NA,NA,NA
"229","Ubi Road 1","Warehouse","Eunos / Geylang / Paya Lebar","
								$750,000","
							958 sqft (Built-up)
								","Not tenanted","1630585425","0","3","13","7","3","3","
							$783 psf (Built-up)
								","Oxley Bizhub","60 Years from 15/11/2010",NA,NA,NA,NA,NA,NA,NA,NA,NA,NA
"230","Ubi Road 1","Warehouse","Eunos / Geylang / Paya Lebar","
								$765,000 (Negotiable)
								","
							1,152 sqft (Built-up)
								","Not tenanted","1630906507","4","3","15","8","2","3","
							$664 psf (Built-up)
								","Oxley Bizhub","LEASEHOLD/60 years",NA,NA,NA,NA,NA,NA,"Partially Fitted",NA,NA,NA
"231","Ubi Road 1","Warehouse","Eunos / Geylang / Paya Lebar","
								$799,000","
							958 sqft (Built-up)
								","Not tenanted","1630585329","0","3","13","7","3","3","
							$834 psf (Built-up)
								","Oxley Bizhub","60 Years from 15/11/2010",NA,NA,NA,NA,NA,NA,NA,NA,NA,NA
"232","Upper Aljunied Link","Warehouse","Macpherson / Potong Pasir","
								$1,250,000","
							1,647 sqft (Built-up)
								","Tenanted","1631863729","3","3","0","8","0","3","
							$759 psf (Built-up)
								","Quartz Industrial Building","FREEHOLD","Light Industrial (b1)",NA,"$0",NA,NA,NA,"Fully Fitted",NA,NA,NA
"233","Upper Aljunied Link","Warehouse","Macpherson / Potong Pasir","
								$2,400,000 (Starting From)
								","
							3,498 sqft (Built-up)
								","Not tenanted","1631616919","1","3","0","8","0","3","
							$686 psf (Built-up)
								","Joo Seng Warehouse","FREEHOLD",NA,NA,NA,NA,NA,NA,NA,NA,NA,NA
"234","Upper Boon Keng Road","HDB Shop House","Eunos / Geylang / Paya Lebar","
								$1,928,888 (Negotiable)
								","
							1,313 sqft (Built-up)
								","Tenanted","1629797229","0","3","6","6","3","3","
							$1,469 psf (Built-up)
								","Upper Boon Keng Road","LEASEHOLD/99 years","Shop With Living Quarters",NA,"$7,610",NA,NA,NA,"Partially Fitted",NA,NA,NA
"235","Upper Bukit Timah Road","Retail","Clementi Park / Upper Bukit Timah","
								$1,238,000","
							344 sqft (Built-up)
								","Not tenanted","1632053989","4","2","20","5","3","3","
							$3,599 psf (Built-up)
								","Bukit Timah Shopping Centre","999 Years from 17/12/1883",NA,NA,NA,NA,NA,NA,"Partially Fitted",NA,NA,NA
"236","Upper Cross Street","Retail","Boat Quay / Raffles Place / Marina","
								$950,000","
							333 sqft (Built-up)
								","Not tenanted","1632022751","0","3","21","5","3","3","
							$2,853 psf (Built-up)
								","People's Park Centre","LEASEHOLD/99 years","Shop",NA,NA,NA,NA,NA,NA,NA,NA,NA
"237","Upper Serangoon Road","Retail","Hougang / Punggol / Sengkang","
								$2,450,000","
							441 sqft (Built-up)
								","Not tenanted","1631942435","5","3","23","7","3","3","
							$5,556 psf (Built-up)
								","Stars Of Kovan","LEASEHOLD/99 years","Shop","395",NA,NA,"Asset Legend Limited",NA,NA,NA,NA,NA
"238","Upper Serangoon Road","Retail","Hougang / Punggol / Sengkang","
								$25,000 (Negotiable)
								","
							250 sqft (Built-up)
								","Not tenanted","1631932077","4","3","26","7","3","3","
							$100 psf (Built-up)
								","Kovan MRT",NA,"Shop",NA,NA,NA,NA,NA,"Fully Fitted",NA,NA,NA
"239","Upper Serangoon Road","Retail","Hougang / Punggol / Sengkang","
								$3,188,888","
							958 sqft (Built-up)
								","Not tenanted","1631929968","5","3","19","6","3","3","
							$3,329 psf (Built-up)
								","Midtown Residences","LEASEHOLD/99 years","Food And Beverage",NA,NA,NA,"Oxley-Lian Beng Pte Ltd",NA,NA,NA,NA,NA
"240","Upper Serangoon Road","Retail","Hougang / Punggol / Sengkang","
								$7,500,000","
							2,358 sqft (Built-up)
								","Not tenanted","1631936904","8","3","19","6","3","3","
							$3,181 psf (Built-up)
								","The Midtown","99 years from 24/01/2013","Food And Beverage","107",NA,NA,"Oxley Lian Beng Pte Ltd",NA,"Fully Fitted",NA,NA,NA
"241","Veerasamy Road","Shop House","Farrer Park / Serangoon Rd","
								$6,500,000","
							4,200 sqft (Built-up)
								","Not tenanted","1632029204","0","3","10","6","3","3","
							$1,548 psf (Built-up)
								","Veerasamy Road",NA,NA,NA,NA,NA,NA,NA,"Bare",NA,NA,NA
"242","Venture Drive","Office","Boon Lay / Jurong / Tuas","
								$1,200,000 (Negotiable)
								","
							517 sqft (Built-up)
								","Not tenanted","1632028079","2","3","24","5","3","3","
							$2,321 psf (Built-up)
								","Vision Exchange","LEASEHOLD/99 years","Office","640",NA,NA,"Sim Lian JV (Vision) Pte Ltd, Sim Lian Group",NA,"Bare",NA,NA,NA
"243","Venture Drive","Office","Boon Lay / Jurong / Tuas","
								$1,284,000 (Starting From)
								","
							517 sqft (Built-up)
								","Not tenanted","1632016183","5","3","24","5","3","3","
							$2,484 psf (Built-up)
								","Vision Exchange","LEASEHOLD/99 years","Office","640",NA,NA,"Sim Lian JV (Vision) Pte Ltd, Sim Lian Group",NA,"Partially Fitted",NA,NA,NA
"244","Venture Drive","Office","Boon Lay / Jurong / Tuas","
								$3,459,000 (Negotiable)
								","
							1,690 sqft (Built-up)
								","Not tenanted","1632016183","2","3","24","5","3","3","
							$2,047 psf (Built-up)
								","Vision Exchange","LEASEHOLD/99 years","Office","640",NA,NA,"Sim Lian JV (Vision) Pte Ltd, Sim Lian Group",NA,"Bare",NA,NA,NA
"245","Venture Drive","Office","Boon Lay / Jurong / Tuas","
								$5,426,000 (Negotiable)
								","
							2,368 sqft (Built-up)
								","Not tenanted","1632016183","3","3","24","5","3","3","
							$2,291 psf (Built-up)
								","Vision Exchange","LEASEHOLD/99 years","Office","640",NA,NA,"Sim Lian JV (Vision) Pte Ltd, Sim Lian Group",NA,"Bare",NA,NA,NA
"246","Vision Exchange","Office","Boon Lay / Jurong / Tuas","
								$1,180,000","
							517 sqft (Built-up)
								","Not tenanted","1632021030","0","3","24","5","3","3","
							$2,282 psf (Built-up)
								","Vision Exchange","99 Years from 10/06/2013","Office","640",NA,NA,"Sim Lian JV (Vision) Pte Ltd, Sim Lian Group","HIGH",NA,NA,NA,NA
"247","West Coast Drive","HDB Shop House","Buona Vista / West Coast / Clementi New Town","
								$2,800,000 (Negotiable)
								","
							2,100 sqft (Built-up)
								","Tenanted","1630924960","6","2","14","7","2","3","
							$1,333 psf (Built-up)
								","West Coast Drive","LEASEHOLD/99 years","Shop With Living Quarters",NA,"$10,000",NA,NA,"GROUND","Fully Fitted","Private","3",NA
"248","Woo Mon Chew Road","Land","East Coast / Marine Parade","
								$5,280,000 (Negotiable)
								","
							2,764 sqft (Land) / 
								","Not tenanted","1630447761","2","3","14","7","3","3","
							$1,910 psf (Land) /
								","Woo Mon Chew Road",NA,"Land With Building / En-bloc",NA,NA,NA,NA,NA,NA,NA,NA,NA
"249","Woodgrove Walk","Land","Admiralty / Woodlands","
								$2,700,000","
							3,255 sqft (Land) / 
								","Not tenanted","1630891569","1","3","4","7","2","3","
							$829 psf (Land) /
								","Century Woods",NA,"Land Only",NA,NA,NA,NA,NA,NA,NA,NA,NA
"250","Woodlands Close","Factory","Admiralty / Woodlands","
								$1,600,000 (Negotiable)
								","
							4,144 sqft (Built-up)
								","Not tenanted","1632016183","2","3","5","7","3","3","
							$386 psf (Built-up)
								","Woodlands 11","LEASEHOLD/60 years","Industrial",NA,NA,NA,NA,NA,"Bare",NA,NA,NA
"251","Woodlands Close","Warehouse","Admiralty / Woodlands","
								$680,000 (Negotiable)
								","
							1,724 sqft (Built-up)
								","Tenanted","1632025844","6","2","0","6","3","3","
							$394 psf (Built-up)
								","Woodlands Horizon","LEASEHOLD/99 years","Light Industrial (b1)",NA,"$2,755",NA,NA,"MID","Bare","Private","1",NA
"252","Woodlands Industrial Park E5","Office","Sembawang / Yishun","
								$503,500","
							1,399 sqft (Built-up)
								","Not tenanted","1632018936","0","3","2","6","3","3","
							$360 psf (Built-up)
								","Woodlands Bizhub","60-Years Leasehold","Industrial",NA,NA,"2011",NA,NA,NA,NA,NA,NA
"253","Woodlands Loop","Factory","Admiralty / Woodlands","
								$420,000 (View To Offer)
								","
							1,900 sqft (Built-up)
								","Not tenanted","1632034104","0","2","6","6","3","3","
							$221 psf (Built-up)
								","Woodlands East Industrial Estate",NA,"Factory (all Types)",NA,NA,"2018",NA,NA,"Fully Fitted",NA,NA,NA
"254","Woodlands Street 32","HDB Shop House","Admiralty / Woodlands","
								$2,400,000 (Negotiable)
								","
							1,959 sqft (Built-up)
								","Tenanted","1630939820","5","3","17","7","3","3","
							$1,225 psf (Built-up)
								","Woodlands Street 32","LEASEHOLD/99 years","Shop With Living Quarters",NA,"$7,000","1995","HDB","GROUND","Partially Fitted","Private","2",NA
"255","Yishun Avenue 9","Retail","Sembawang / Yishun","
								","
							355 sqft (Built-up)
								","Not tenanted","1632022929","4","3","8","6","3","3",NA,"Junction Nine","LEASEHOLD/99 years","Mall",NA,NA,NA,NA,NA,"Bare","Private",NA,NA
"256","Yishun Avenue 9","Retail","Sembawang / Yishun","
								$1,128,000 (Negotiable)
								","
							248 sqft (Built-up)
								","Not tenanted","1632036171","3","3","8","6","3","3","
							$4,548 psf (Built-up)
								","Junction Nine","LEASEHOLD/99 years","Mall",NA,NA,NA,NA,NA,"Bare",NA,NA,NA
"257","Yishun Avenue 9","Retail","Sembawang / Yishun","
								$2,388,888","
							581 sqft (Built-up)
								","Not tenanted","1632024061","7","3","8","6","3","3","
							$4,112 psf (Built-up)
								","Junction Nine","99 Years from 30/04/2013","Shop",NA,NA,NA,NA,NA,NA,NA,NA,NA
"258","Yishun Avenue 9","Retail","Sembawang / Yishun","
								$2,388,888 (Negotiable)
								","
							581 sqft (Built-up)
								","Tenanted","1632024061","3","3","8","6","3","3","
							$4,112 psf (Built-up)
								","Junction Nine","LEASEHOLD/99 years","Mall",NA,"$0","2017","CEL-Yishun (Commercial) Pte Ltd","GROUND","Fully Fitted","Private",NA,NA
"259","Yishun Avenue 9","Retail","Sembawang / Yishun","
								$970,000 (Negotiable)
								","
							280 sqft (Built-up)
								","Not tenanted","1631964298","0","3","8","6","3","3","
							$3,464 psf (Built-up)
								","Junction Nine","LEASEHOLD/99 years","Retail",NA,NA,"2013","Yishun",NA,NA,NA,"1",NA
"260","Yishun Industrial Street 1","Factory","Sembawang / Yishun","
								$880,000 (Negotiable)
								","
							4,675 sqft (Built-up)
								","Tenanted","1632011878","0","2","0","6","3","3","
							$188 psf (Built-up)
								","Win 5",NA,"Factory (all Types)","247",NA,"2015","Soon Hock Tuas Development Pte Ltd",NA,NA,NA,NA,NA
"261","Yishun Industrial Street 1","Warehouse","Sembawang / Yishun","
								$518,000 (View to Offer)
								","
							1,722 sqft (Built-up)
								","Not tenanted","1631756424","3","2","0","6","3","3","
							$301 psf (Built-up)
								","Win 5",NA,NA,NA,NA,NA,NA,NA,NA,NA,NA,NA
